"cbsacode","num_counties","cbsatitle","num_munis","num_local","pop_muni","pop_total","hhi_pop_muni","hhi_pop_total","munis_pp","share_in_central_city","cbsa_type"
10100,2,"Aberdeen, SD",14,90,32840,42134,0.74708569100396,0.456169916346139,0.000426309378806334,0.672236198794323,"Micropolitan Statistical Area"
10140,1,"Aberdeen, WA",9,9,47504,47504,0.206796324027979,0.206796324027979,0.000189457729875379,0.361885314920849,"Micropolitan Statistical Area"
10180,3,"Abilene, TX",17,17,145202,145202,0.744083438601005,0.744083438601005,0.000117078277158717,0.86135177201416,"Metropolitan Statistical Area"
10220,1,"Ada, OK",7,7,20437,20437,0.686593577922338,0.686593577922338,0.000342516024856877,0.824093555805647,"Micropolitan Statistical Area"
10300,1,"Adrian, MI",12,34,43408,108568,0.279084948475409,0.0698647542001231,0.000276446737928492,0.188840173900228,"Micropolitan Statistical Area"
10420,2,"Akron, OH",31,58,543087,704259,0.150503106740436,0.0924061851593699,0.0000570810938210637,0.268859893874271,"Metropolitan Statistical Area"
10460,1,"Alamogordo, NM",3,3,35066,35066,0.820906480157587,0.820906480157587,0.0000855529572805567,0.902640734614726,"Micropolitan Statistical Area"
10480,3,"Alamosa, CO",9,9,14415,14415,0.479486539980021,0.479486539980021,0.000624349635796046,0.68081859174471,"Micropolitan Statistical Area"
10500,4,"Albany, GA",11,11,85417,85417,0.662123330674688,0.662123330674688,0.000128779985248838,0.808363674678343,"Metropolitan Statistical Area"
10540,1,"Albany, OR",13,13,101238,101238,0.363256300929966,0.363256300929966,0.000128410280724629,0.561330725616863,"Metropolitan Statistical Area"
10580,5,"Albany-Schenectady-Troy, NY",37,101,351111,963382,0.148853180667657,0.0385696628317164,0.000105379780183475,0.102365416833613,"Metropolitan Statistical Area"
10620,1,"Albemarle, NC",10,10,32087,32087,0.307694029014008,0.307694029014008,0.000311652694237542,0.518216099978184,"Micropolitan Statistical Area"
10660,1,"Albert Lea, MN",14,34,22661,30749,0.664992129892211,0.365053767933557,0.00061780150920083,0.599304042407883,"Micropolitan Statistical Area"
10700,1,"Albertville, AL",7,7,51765,51765,0.283728944330058,0.283728944330058,0.000135226504394861,0.435081618854438,"Micropolitan Statistical Area"
10740,4,"Albuquerque, NM",19,19,736192,736192,0.605839026921383,0.605839026921383,0.0000258084847431105,0.764201458315222,"Metropolitan Statistical Area"
10760,1,"Alexander City, AL",7,7,20358,20358,0.54252889874064,0.54252889874064,0.000343845171431378,0.71804695942627,"Micropolitan Statistical Area"
10780,2,"Alexandria, LA",16,16,72333,72333,0.428186130887312,0.428186130887312,0.000221199176033069,0.619177968562067,"Metropolitan Statistical Area"
10820,1,"Alexandria, MN",11,31,19217,39378,0.571825656342028,0.16278490370866,0.000572409845449342,0.365229315861649,"Micropolitan Statistical Area"
10860,2,"Alice, TX",4,4,26172,26172,0.504729624726667,0.504729624726667,0.000152835090936879,0.678626012532477,"Micropolitan Statistical Area"
10900,4,"Allentown-Bethlehem-Easton, PA-NJ",47,107,398446,865310,0.147966103563999,0.0405393409063334,0.000117958267870678,0.145547838346951,"Metropolitan Statistical Area"
10940,1,"Alma, MI",6,22,21308,43732,0.320951991492807,0.0968467404998234,0.000281584381452975,0.215037043812311,"Micropolitan Statistical Area"
10980,1,"Alpena, MI",1,9,10155,28893,1,0.241743696380688,0.0000984736582964057,0.35146921399647,"Micropolitan Statistical Area"
11020,1,"Altoona, PA",9,24,63249,121660,0.492489721747207,0.157756888658072,0.000142294739837784,0.357759329278317,"Metropolitan Statistical Area"
11060,1,"Altus, OK",9,9,20945,20945,0.800943162932668,0.800943162932668,0.000429696825017904,0.893626163762234,"Micropolitan Statistical Area"
11100,5,"Amarillo, TX",13,13,224452,224452,0.808606081025984,0.808606081025984,0.0000579188423360006,0.896556947587903,"Metropolitan Statistical Area"
11140,2,"Americus, GA",6,6,18791,18791,0.732230003175771,0.732230003175771,0.00031930179341174,0.850886062476718,"Micropolitan Statistical Area"
11180,2,"Ames, IA",23,23,107883,107883,0.401283351912013,0.401283351912013,0.000213193923046263,0.615704049757608,"Metropolitan Statistical Area"
11200,1,"Amherst Town-Northampton, MA",3,20,84711,161572,0.371583522830345,0.132564241611979,0.0000354145270389914,0.243717970935558,"Metropolitan Statistical Area"
11220,1,"Amsterdam, NY",11,21,28506,59877,0.425288541715415,0.127340718184075,0.000385883673612573,0.303739332297877,"Micropolitan Statistical Area"
11260,2,"Anchorage, AK",4,4,305738,305738,0.889477307810706,0.889477307810706,0.000013083097292453,0.942378768749714,"Metropolitan Statistical Area"
11360,1,"Anderson Creek, NC",5,5,25488,25488,0.231545002997853,0.231545002997853,0.000196170747018205,0.330900816070308,"Micropolitan Statistical Area"
11380,1,"Andrews, TX",1,1,13370,13370,1,1,0.000074794315632012,1,"Micropolitan Statistical Area"
11420,1,"Angola, IN",6,18,13984,48616,0.451831770225141,0.143221864338001,0.000429061784897025,0.292558005594866,"Micropolitan Statistical Area"
11460,1,"Ann Arbor, MI",8,28,168963,374006,0.53754968626697,0.149940425805507,0.0000473476441587803,0.324957353625343,"Metropolitan Statistical Area"
11500,1,"Anniston-Oxford, AL",7,7,66696,66696,0.25911602853003,0.25911602853003,0.00010495382031906,0.334532805565551,"Metropolitan Statistical Area"
11540,2,"Appleton, WI",20,48,163504,239806,0.241465957510652,0.125190328502203,0.000122321166454643,0.312143983052968,"Metropolitan Statistical Area"
11580,1,"Arcadia, FL",1,1,7527,7527,1,1,0.000132855055134848,1,"Micropolitan Statistical Area"
11620,1,"Ardmore, OK",9,9,36046,36046,0.504000823154299,0.504000823154299,0.000249680963213671,0.690589801919769,"Micropolitan Statistical Area"
11660,1,"Arkadelphia, AR",7,7,13612,13612,0.590851216912978,0.590851216912978,0.000514252130473112,0.753599764913312,"Micropolitan Statistical Area"
11680,1,"Arkansas City-Winfield, KS",8,33,25723,36564,0.42430743582905,0.217260525371628,0.000311005714730008,0.326249863253473,"Micropolitan Statistical Area"
11700,3,"Asheville, NC",14,14,156799,156799,0.381278362348743,0.381278362348743,0.0000892862837135441,0.599920917862997,"Metropolitan Statistical Area"
11740,1,"Ashland, OH",9,24,24880,57914,0.615285860878196,0.138807757302222,0.000361736334405145,0.332941948406258,"Micropolitan Statistical Area"
11820,1,"Astoria, OR",5,5,27353,27353,0.275256141345882,0.275256141345882,0.000182795305816547,0.378130369612108,"Micropolitan Statistical Area"
11860,1,"Atchison, KS",5,13,11676,17221,0.841375644162397,0.4018820786789,0.000428228845495033,0.620986005458452,"Micropolitan Statistical Area"
11900,1,"Athens, OH",10,24,34182,96238,0.528057882574358,0.178611837692693,0.000292551635363642,0.316756374820757,"Micropolitan Statistical Area"
11940,2,"Athens, TN",6,6,22298,22298,0.445117960830972,0.445117960830972,0.000269082428917392,0.637949591891649,"Micropolitan Statistical Area"
11980,1,"Athens, TX",19,19,36352,36352,0.178935121529823,0.178935121529823,0.000522667253521127,0.354588468309859,"Micropolitan Statistical Area"
12020,4,"Athens-Clarke County, GA",16,16,140590,140590,0.839012482229117,0.839012482229117,0.000113806102852265,0.915506081513621,"Metropolitan Statistical Area"
12060,29,"Atlanta-Sandy Springs-Roswell, GA",146,146,2524536,2524536,0.0527624871795952,0.0527624871795952,0.0000578324095992293,0.196654355493445,"Metropolitan Statistical Area"
12100,2,"Atlantic City-Hammonton, NJ",29,39,179783,370627,0.0881082601652545,0.062285547191812,0.000161305573941919,0.128789861504963,"Metropolitan Statistical Area"
12140,1,"Auburn, IN",8,23,26795,70128,0.334865318742746,0.110877752663504,0.000298563164769547,0.196298197581565,"Micropolitan Statistical Area"
12180,1,"Auburn, NY",10,33,34633,83849,0.600131752302919,0.119857425638383,0.000288741951318107,0.318000214671612,"Micropolitan Statistical Area"
12220,2,"Auburn-Opelika, AL",8,8,126393,126393,0.455451776317036,0.455451776317036,0.0000632946444818938,0.621585056134438,"Metropolitan Statistical Area"
12260,7,"Augusta-Richmond County, GA-SC",27,27,312289,312289,0.436006818577821,0.436006818577821,0.0000864583766959451,0.644262205841384,"Metropolitan Statistical Area"
12300,1,"Augusta-Waterville, ME",4,29,43533,124448,0.346939190259209,0.0641453422004036,0.0000918843176440861,0.152417073797891,"Micropolitan Statistical Area"
12380,1,"Austin, MN",14,34,31923,40158,0.67870732484483,0.431505097174046,0.000438555273627165,0.653045470391952,"Micropolitan Statistical Area"
12420,5,"Austin-Round Rock-San Marcos, TX",49,49,1708042,1708042,0.334616263749576,0.334616263749576,0.0000286878191519881,0.564492559316457,"Metropolitan Statistical Area"
12460,1,"Bainbridge, GA",4,4,15217,15217,0.883479067229075,0.883479067229075,0.000262863902214628,0.939212722612867,"Micropolitan Statistical Area"
12520,1,"Baker City, OR",7,7,11834,11834,0.742851102695507,0.742851102695507,0.000591515970931215,0.859388203481494,"Micropolitan Statistical Area"
12540,1,"Bakersfield-Delano, CA",11,11,608819,608819,0.463919304932489,0.463919304932489,0.0000180677672674473,0.66951754133823,"Metropolitan Statistical Area"
12580,5,"Baltimore-Columbia-Towson, MD",20,20,722440,722440,0.642421642671331,0.642421642671331,0.000027683959913626,0.797987376114279,"Metropolitan Statistical Area"
12620,1,"Bangor, ME",3,59,48929,150927,0.487103678845382,0.0701586320919148,0.0000613133315620593,0.211499599143957,"Metropolitan Statistical Area"
12660,1,"Baraboo, WI",15,37,40271,65254,0.187921042308428,0.0795582968649559,0.000372476471902858,0.189996015569927,"Micropolitan Statistical Area"
12700,1,"Barnstable Town, MA",1,15,49583,232411,1,0.110231222013764,0.0000201682028114475,0.213341881408367,"Metropolitan Statistical Area"
12740,1,"Barre, VT",3,21,16720,60230,0.485125734014789,0.0852635890274949,0.000179425837320574,0.140411754939399,"Micropolitan Statistical Area"
12780,1,"Bartlesville, OK",6,6,42798,42798,0.769842678392856,0.769842678392856,0.000140193466984439,0.873498761624375,"Micropolitan Statistical Area"
12860,1,"Batavia, NY",7,20,24617,66747,0.435786003114614,0.0984805351889954,0.000284356339115246,0.231950499647924,"Micropolitan Statistical Area"
12900,1,"Batesville, AR",9,9,18539,18539,0.421445254869222,0.421445254869222,0.000485463077835913,0.602297858568423,"Micropolitan Statistical Area"
12940,10,"Baton Rouge, LA",37,37,375713,375713,0.36394528195538,0.36394528195538,0.0000984794244543042,0.591368943848097,"Metropolitan Statistical Area"
12980,1,"Battle Creek, MI",8,27,75855,137319,0.500550333497146,0.172331187205349,0.000105464372816558,0.381119874161624,"Metropolitan Statistical Area"
13020,1,"Bay City, MI",4,18,38970,102826,0.702407561819758,0.147776506836604,0.000102643058763151,0.315134304553323,"Metropolitan Statistical Area"
13060,1,"Bay City, TX",2,2,22300,22300,0.682267184138028,0.682267184138028,0.0000896860986547085,0.801883408071749,"Micropolitan Statistical Area"
13100,1,"Beatrice, NE",12,36,15995,25402,0.593450031909589,0.245953720190672,0.000750234448265083,0.480631446342808,"Micropolitan Statistical Area"
13140,3,"Beaumont-Port Arthur, TX",21,21,289789,289789,0.207126031096642,0.207126031096642,0.0000724665187429474,0.388406737315771,"Metropolitan Statistical Area"
13180,1,"Beaver Dam, WI",17,40,52581,85085,0.172324963469065,0.0740624503102855,0.000323310701584222,0.195651407416113,"Micropolitan Statistical Area"
13220,2,"Beckley, WV",14,14,36044,36044,0.28558612212221,0.28558612212221,0.000388414160470536,0.472311619132172,"Metropolitan Statistical Area"
13260,1,"Bedford, IN",3,12,18869,63939,0.581544660476267,0.185461661022075,0.000158990937516562,0.324230907583791,"Micropolitan Statistical Area"
13300,1,"Beeville, TX",1,1,13641,13641,1,1,0.000073308408474452,1,"Micropolitan Statistical Area"
13340,1,"Bellefontaine, OH",12,29,23001,69036,0.393077192922587,0.0964046504423809,0.000521716447110995,0.203893620719625,"Micropolitan Statistical Area"
13380,1,"Bellingham, WA",7,7,135933,135933,0.49052807053292,0.49052807053292,0.000051495957567331,0.678930061133058,"Metropolitan Statistical Area"
13420,1,"Bemidji, MN",8,50,16993,40632,0.811484701024545,0.167996875009813,0.000470782086741599,0.376033668044891,"Micropolitan Statistical Area"
13460,3,"Bend, OR",8,8,164840,164840,0.437464919251958,0.437464919251958,0.0000485319097306479,0.619139771900024,"Metropolitan Statistical Area"
13540,1,"Bennington, VT",3,19,2637,39942,0.517541638210875,0.186119907665123,0.00113765642775882,0.383130539281959,"Micropolitan Statistical Area"
13660,1,"Big Rapids, MI",5,21,10469,41524,0.740635582890399,0.0917595170205332,0.000477600534912599,0.216164146036027,"Micropolitan Statistical Area"
13700,1,"Big Spring, TX",3,3,26868,26868,0.918663662261937,0.918663662261937,0.000111656989727557,0.957830876879559,"Micropolitan Statistical Area"
13740,3,"Billings, MT",9,9,130748,130748,0.810458695152952,0.810458695152952,0.0000688347049285649,0.898254657815034,"Metropolitan Statistical Area"
13780,2,"Binghamton, NY",14,39,92507,290161,0.317572080244856,0.0895294091567316,0.000151339898602268,0.191686684289067,"Metropolitan Statistical Area"
13820,7,"Birmingham, AL",88,88,839791,839791,0.0809006622614958,0.0809006622614958,0.000104787977008565,0.235266869971219,"Metropolitan Statistical Area"
13860,1,"Bishop, CA",1,1,3820,3820,1,1,0.000261780104712042,1,"Micropolitan Statistical Area"
13900,3,"Bismarck, ND",11,51,106522,119814,0.538954719507179,0.428740680783164,0.000103265053228441,0.618775769108785,"Metropolitan Statistical Area"
13940,1,"Blackfoot, ID",5,5,20056,20056,0.450082464551987,0.450082464551987,0.000249301954527324,0.614878340646191,"Micropolitan Statistical Area"
13980,5,"Blacksburg-Christiansburg-Radford, VA",11,11,102993,102993,0.273936886470674,0.273936886470674,0.00010680337498665,0.436427718388628,"Metropolitan Statistical Area"
14010,1,"Bloomington, IL",21,52,152304,323193,0.389623701374213,0.172828114021275,0.00013788213047589,0.242217498522555,"Metropolitan Statistical Area"
14020,2,"Bloomington, IN",5,29,90030,251351,0.79514002151331,0.18300500190877,0.0000555370432078196,0.318152702794101,"Metropolitan Statistical Area"
14100,1,"Bloomsburg-Berwick, PA",9,33,27558,64872,0.355745153367355,0.0839574091669458,0.000326583932070542,0.194028240226908,"Micropolitan Statistical Area"
14140,2,"Bluefield, WV-VA",11,11,32781,32781,0.184194566676892,0.184194566676892,0.000335560233061835,0.289771513986761,"Micropolitan Statistical Area"
14180,1,"Blytheville, AR",17,17,32347,32347,0.23293873405668,0.23293873405668,0.000525551055739327,0.403097659752064,"Micropolitan Statistical Area"
14220,1,"Bogalusa, LA",4,4,14739,14739,0.574040349943922,0.574040349943922,0.000271388832349549,0.717077142275595,"Micropolitan Statistical Area"
14260,5,"Boise City, ID",22,22,647188,647188,0.214433131892085,0.214433131892085,0.0000339932137184249,0.36688875566296,"Metropolitan Statistical Area"
14300,1,"Bonham, TX",11,11,18221,18221,0.364701739394216,0.364701739394216,0.000603699028593381,0.579496185719774,"Micropolitan Statistical Area"
14380,1,"Boone, NC",4,4,20437,20437,0.784867288681488,0.784867288681488,0.000195723442775358,0.882517003474091,"Micropolitan Statistical Area"
14420,1,"Borger, TX",4,4,16042,16042,0.623125710357525,0.623125710357525,0.000249345468146116,0.774155342226655,"Micropolitan Statistical Area"
14460,6,"Boston-Cambridge-Newton, MA-NH",36,196,2580119,4898150,0.0846600455552185,0.0257299947341784,0.0000139528448106463,0.133678225452467,"Metropolitan Statistical Area"
14500,1,"Boulder, CO",9,9,274296,274296,0.300233747761775,0.300233747761775,0.0000328112695773908,0.379790445358299,"Metropolitan Statistical Area"
14540,4,"Bowling Green, KY",10,10,83226,83226,0.784402811145173,0.784402811145173,0.000120154759330017,0.883485929877682,"Metropolitan Statistical Area"
14580,1,"Bozeman, MT",5,5,71535,71535,0.609574911602164,0.609574911602164,0.0000698958551757881,0.762410009086461,"Metropolitan Statistical Area"
14620,1,"Bradford, PA",7,22,16931,39941,0.279566362180711,0.0885345073036583,0.00041344279723584,0.193159910868531,"Micropolitan Statistical Area"
14660,2,"Brainerd, MN",32,110,45522,91391,0.152854975175892,0.0441020426370585,0.000702956812090857,0.155978159775033,"Micropolitan Statistical Area"
14700,1,"Branson, MO",8,8,24001,24001,0.347123657495341,0.347123657495341,0.000333319445023124,0.536769301279113,"Micropolitan Statistical Area"
14710,1,"Brattleboro, VT",5,27,3888,49974,0.547883563862216,0.0941162850874475,0.00128600823045267,0.244427102093088,"Micropolitan Statistical Area"
14720,2,"Breckenridge, CO",7,7,17232,17232,0.216454062058971,0.216454062058971,0.000406220984215413,0.291550603528319,"Micropolitan Statistical Area"
14740,1,"Bremerton-Silverdale-Port Orchard, WA",4,4,96538,96538,0.316106477021104,0.316106477021104,0.000041434461041248,0.457042822515486,"Metropolitan Statistical Area"
14780,1,"Brenham, TX",2,2,18400,18400,0.969712245982987,0.969712245982987,0.000108695652173913,0.984619565217391,"Micropolitan Statistical Area"
14820,1,"Brevard, NC",2,2,8463,8463,0.846680860277045,0.846680860277045,0.000236322816967978,0.916341722793336,"Micropolitan Statistical Area"
14860,2,"Bridgeport-Stamford-Danbury, CT",5,25,464534,950073,0.261502253985658,0.0820617521292771,0.0000107634747940947,0.156128002795575,"Metropolitan Statistical Area"
14940,2,"Brigham City, UT-ID",17,17,51264,51264,0.216105031166664,0.216105031166664,0.000331616729088639,0.390098314606742,"Micropolitan Statistical Area"
15020,1,"Brookhaven, MS",1,1,11812,11812,1,1,0.0000846596681341009,1,"Micropolitan Statistical Area"
15060,1,"Brookings, OR",3,3,10357,10357,0.50035513569452,0.50035513569452,0.000289659167712658,0.660133243217148,"Micropolitan Statistical Area"
15100,1,"Brookings, SD",8,31,28458,34634,0.694633407255944,0.471708512576906,0.000281116030641647,0.680747242593983,"Micropolitan Statistical Area"
15180,1,"Brownsville-Harlingen, TX",17,17,329664,329664,0.379866209929645,0.379866209929645,0.0000515676567656766,0.569764972820812,"Metropolitan Statistical Area"
15220,1,"Brownwood, TX",4,4,23826,23826,0.642472797391317,0.642472797391317,0.00016788382439352,0.787794845966591,"Micropolitan Statistical Area"
15260,3,"Brunswick-St. Simons, GA",4,4,17633,17633,0.699692375939795,0.699692375939795,0.000226847388419441,0.829637611297,"Metropolitan Statistical Area"
15340,1,"Bucyrus, OH",7,23,28000,43270,0.336874897959184,0.151214666252273,0.00025,0.268661890455281,"Micropolitan Statistical Area"
15380,2,"Buffalo-Cheektowaga, NY",26,63,503227,1251108,0.322754545925893,0.0793341628334436,0.0000516665441242223,0.221249484456977,"Metropolitan Statistical Area"
15420,2,"Burley, ID",10,10,24880,24880,0.314235290810682,0.314235290810682,0.000401929260450161,0.476808681672026,"Micropolitan Statistical Area"
15460,2,"Burlington, IA-IL",13,24,32983,39295,0.531755672348012,0.378355754554996,0.000394142437013007,0.603461000127243,"Micropolitan Statistical Area"
15500,1,"Burlington, NC",9,9,115276,115276,0.319680834526804,0.319680834526804,0.0000780734931815816,0.510236302439363,"Metropolitan Statistical Area"
15540,3,"Burlington-South Burlington, VT",8,41,95411,241660,0.291940910179896,0.0692025054039966,0.0000838477743656392,0.185305801539353,"Metropolitan Statistical Area"
15580,1,"Butte-Silver Bow, MT",2,2,36054,36054,0.964967409619162,0.964967409619162,0.000055472347035003,0.982165640428247,"Micropolitan Statistical Area"
15620,2,"Cadillac, MI",7,38,14492,50364,0.529047139487963,0.0685831166264704,0.0004830251173061,0.205841474068779,"Micropolitan Statistical Area"
15660,1,"Calhoun, GA",5,5,19724,19724,0.776325166223102,0.776325166223102,0.000253498276211722,0.878016629486919,"Micropolitan Statistical Area"
15700,1,"Cambridge, MD",9,9,16587,16587,0.640671085669769,0.640671085669769,0.000542593597395551,0.789594260565503,"Micropolitan Statistical Area"
15740,1,"Cambridge, OH",9,28,14455,52742,0.509977373451477,0.126207071607982,0.000622621930127983,0.261613135641424,"Micropolitan Statistical Area"
15780,2,"Camden, AR",10,10,14877,14877,0.5014036566991,0.5014036566991,0.000672178530617732,0.696981918397526,"Micropolitan Statistical Area"
15820,2,"Campbellsville, KY",2,2,13654,13654,0.730169248670113,0.730169248670113,0.000146477222791856,0.839241247985938,"Micropolitan Statistical Area"
15860,1,"Cañon City, CO",6,6,23155,23155,0.592705327540906,0.592705327540906,0.000259123299503347,0.749859641546102,"Micropolitan Statistical Area"
15900,1,"Canton, IL",20,46,24223,57420,0.328722224447934,0.129707343192552,0.000825661561326012,0.250087077673285,"Micropolitan Statistical Area"
15940,2,"Canton-Massillon, OH",23,54,179319,445932,0.216518602553033,0.0711525687787929,0.000128263039610973,0.157929908595929,"Metropolitan Statistical Area"
15980,1,"Cape Coral-Fort Myers, FL",6,6,401278,401278,0.340504070875537,0.340504070875537,0.0000149522276327135,0.509646678861039,"Metropolitan Statistical Area"
16020,3,"Cape Girardeau, MO-IL",19,19,61484,61484,0.484595043423657,0.484595043423657,0.00030902348578492,0.647648168629237,"Metropolitan Statistical Area"
16060,1,"Carbondale, IL",11,27,33619,86184,0.465162973879603,0.169897983848166,0.000327195930872423,0.284670008354219,"Micropolitan Statistical Area"
16100,1,"Carlsbad-Artesia, NM",4,4,45793,45793,0.559774259084488,0.559774259084488,0.0000873495949162536,0.696350970672374,"Micropolitan Statistical Area"
16140,1,"Carroll, IA",13,13,16423,16423,0.409582789538506,0.409582789538506,0.000791572794251964,0.622541557571698,"Micropolitan Statistical Area"
16180,1,"Carson City, NV",1,1,58993,58993,1,1,0.0000169511636973878,1,"Metropolitan Statistical Area"
16220,1,"Casper, WY",6,6,69040,69040,0.729016346007957,0.729016346007957,0.0000869061413673233,0.849594438006952,"Metropolitan Statistical Area"
16260,1,"Cedar City, UT",6,6,49530,49530,0.59468883295426,0.59468883295426,0.000121138703815869,0.751181102362205,"Micropolitan Statistical Area"
16300,3,"Cedar Rapids, IA",39,39,238321,238321,0.362064774595447,0.362064774595447,0.000163644831970326,0.572618443192165,"Metropolitan Statistical Area"
16340,1,"Cedartown, GA",3,3,16551,16551,0.477409728865435,0.477409728865435,0.000181257930034439,0.620506313817896,"Micropolitan Statistical Area"
16380,1,"Celina, OH",9,23,22138,64386,0.309537625421288,0.105470426874334,0.000406540789592556,0.213586804584848,"Micropolitan Statistical Area"
16460,1,"Centralia, IL",14,31,26328,63718,0.291789457306517,0.123633559356287,0.000531753266484351,0.222715716124172,"Micropolitan Statistical Area"
16500,1,"Centralia, WA",9,9,33635,33635,0.367110361500459,0.367110361500459,0.000267578415341162,0.553857588821168,"Micropolitan Statistical Area"
16540,1,"Chambersburg, PA",6,21,40735,155134,0.386375261287962,0.0833591099179119,0.00014729348226341,0.144094782575064,"Metropolitan Statistical Area"
16580,3,"Champaign-Urbana, IL",40,90,198898,435105,0.249417779683378,0.105614476967258,0.000201108105662199,0.204810333137978,"Metropolitan Statistical Area"
16620,3,"Charleston, WV",19,19,97914,97914,0.282661453863203,0.282661453863203,0.000194047837898564,0.490409951590171,"Metropolitan Statistical Area"
16660,1,"Charleston-Mattoon, IL",6,18,36097,82862,0.448538418508608,0.175215687933171,0.000166218799346206,0.234039728705559,"Micropolitan Statistical Area"
16700,3,"Charleston-North Charleston, SC",27,27,536832,536832,0.176794005604573,0.176794005604573,0.0000502950643776824,0.282419825941822,"Metropolitan Statistical Area"
16740,11,"Charlotte-Concord-Gastonia, NC-SC",79,79,1875957,1875957,0.232629174135218,0.232629174135218,0.0000421118394504778,0.468938786976461,"Metropolitan Statistical Area"
16820,3,"Charlottesville, VA",3,3,46550,46550,0.962818395382349,0.962818395382349,0.0000644468313641246,0.981138560687433,"Metropolitan Statistical Area"
16860,6,"Chattanooga, TN-GA",26,26,306811,306811,0.365982486385582,0.365982486385582,0.0000847427243482144,0.59356737535486,"Metropolitan Statistical Area"
16940,1,"Cheyenne, WY",4,4,66746,66746,0.950192618250796,0.950192618250796,0.0000599286848650106,0.974605219788452,"Metropolitan Statistical Area"
16980,11,"Chicago-Naperville-Elgin, IL-IN",342,544,8641884,15125853,0.101000103325145,0.0353376269314278,0.0000395747038492995,0.178274574002537,"Metropolitan Statistical Area"
17020,1,"Chico, CA",5,5,136789,136789,0.585445227490819,0.585445227490819,0.0000365526467771531,0.748144953176059,"Metropolitan Statistical Area"
17060,1,"Chillicothe, OH",7,23,26056,102947,0.718868930917457,0.14611343454102,0.00026865213386552,0.270100148620164,"Micropolitan Statistical Area"
17140,14,"Cincinnati, OH-KY-IN",139,236,1210734,2254633,0.0785104827769001,0.0289874671976615,0.000114806390173234,0.13702230030342,"Metropolitan Statistical Area"
17220,3,"Clarksburg, WV",13,13,39725,39725,0.23506011570263,0.23506011570263,0.000327249842668345,0.397331655129012,"Micropolitan Statistical Area"
17260,1,"Clarksdale, MS",6,6,16918,16918,0.731780671344199,0.731780671344199,0.000354651850100485,0.851755526657997,"Micropolitan Statistical Area"
17300,4,"Clarksville, TN-KY",9,9,215849,215849,0.649056041271378,0.649056041271378,0.0000416958151300215,0.792021274131453,"Metropolitan Statistical Area"
17340,1,"Clearlake, CA",2,2,21912,21912,0.641143588759765,0.641143588759765,0.0000912741876597298,0.765653523183644,"Micropolitan Statistical Area"
17380,1,"Cleveland, MS",15,15,20573,20573,0.309384907223107,0.309384907223107,0.000729110970689739,0.530258105283624,"Micropolitan Statistical Area"
17410,6,"Cleveland, OH",114,199,1816027,2230330,0.0545291724097368,0.0369014367959857,0.0000627743970766955,0.164993969502271,"Metropolitan Statistical Area"
17420,2,"Cleveland, TN",5,5,51069,51069,0.882990889350683,0.882990889350683,0.0000979067536078639,0.939023673853022,"Metropolitan Statistical Area"
17500,2,"Clewiston, FL",3,3,14222,14222,0.418277315448755,0.418277315448755,0.000210940795949937,0.530727042610041,"Micropolitan Statistical Area"
17540,1,"Clinton, IA",14,14,38453,38453,0.439826138789231,0.439826138789231,0.000364080825943359,0.635425064364289,"Micropolitan Statistical Area"
17580,2,"Clovis, NM",9,9,52086,52086,0.58585535971762,0.58585535971762,0.000172791153092962,0.729332258188381,"Micropolitan Statistical Area"
17650,1,"Cody, WY",3,3,16906,16906,0.506623838265962,0.506623838265962,0.000177451792263102,0.601798178161599,"Micropolitan Statistical Area"
17660,1,"Coeur d'Alene, ID",14,14,132895,132895,0.301336676360104,0.301336676360104,0.000105346326046879,0.420662929380338,"Metropolitan Statistical Area"
17740,1,"Coldwater, MI",5,21,19758,48544,0.522089860446333,0.114520616557177,0.00025306205081486,0.286214568226763,"Micropolitan Statistical Area"
17780,3,"College Station-Bryan, TX",12,12,221744,221744,0.447310463265117,0.447310463265117,0.000054116458618948,0.541250270582293,"Metropolitan Statistical Area"
17820,2,"Colorado Springs, CO",11,11,542983,542983,0.798114763594621,0.798114763594621,0.000020258461130459,0.891291255895673,"Metropolitan Statistical Area"
17860,3,"Columbia, MO",24,24,155020,155020,0.674686487321707,0.674686487321707,0.000154818733066701,0.818300864404593,"Metropolitan Statistical Area"
17900,6,"Columbia, SC",30,30,259747,259747,0.302632563933481,0.302632563933481,0.000115497002852776,0.529519108979122,"Metropolitan Statistical Area"
17980,7,"Columbus, GA-AL",15,15,262600,262600,0.635858290897342,0.635858290897342,0.0000571210967250571,0.783004569687738,"Metropolitan Statistical Area"
18020,1,"Columbus, IN",6,18,53796,136269,0.885290883566988,0.285969415536933,0.00011153245594468,0.375998943266627,"Metropolitan Statistical Area"
18060,2,"Columbus, MS",7,7,28999,28999,0.657205572254441,0.657205572254441,0.000241387634056347,0.804131176937136,"Micropolitan Statistical Area"
18100,2,"Columbus, NE",15,32,34776,44695,0.517834488089774,0.320741002762493,0.000431331953071084,0.539724801431927,"Micropolitan Statistical Area"
18140,10,"Columbus, OH",99,256,1630868,2561437,0.316883839960048,0.131307568195251,0.0000607038705768952,0.353913838208787,"Metropolitan Statistical Area"
18180,1,"Concord, NH",2,27,52834,155238,0.721658969452447,0.110210605069239,0.0000378544119317106,0.283474407039514,"Micropolitan Statistical Area"
18220,1,"Connersville, IN",1,10,13310,36670,1,0.270589035129241,0.0000751314800901578,0.362967002999727,"Micropolitan Statistical Area"
18260,4,"Cookeville, TN",8,8,53954,53954,0.44766502283067,0.44766502283067,0.000148274456018089,0.651258479445454,"Micropolitan Statistical Area"
18300,1,"Coos Bay-North Bend, OR",7,7,38653,38653,0.265351839003877,0.265351839003877,0.000181098491708276,0.411533386800507,"Micropolitan Statistical Area"
18340,4,"Corbin, KY",5,5,24990,24990,0.247876959507292,0.247876959507292,0.000200080032012805,0.310844337735094,"Micropolitan Statistical Area"
18380,1,"Cordele, GA",2,2,10500,10500,0.91691493877551,0.91691493877551,0.00019047619047619,0.956571428571429,"Micropolitan Statistical Area"
18420,1,"Corinth, MS",5,5,17226,17226,0.711780895090407,0.711780895090407,0.000290258910948566,0.834900731452456,"Micropolitan Statistical Area"
18460,1,"Cornelia, GA",7,7,15028,15028,0.210713304998091,0.210713304998091,0.000465797178599947,0.318804897524621,"Micropolitan Statistical Area"
18500,1,"Corning, NY",15,47,37639,111689,0.162826606686172,0.0451943888439045,0.000398522808788756,0.101478211820323,"Micropolitan Statistical Area"
18580,3,"Corpus Christi, TX",21,21,404613,404613,0.622224406509871,0.622224406509871,0.0000519014465674608,0.785375160956272,"Metropolitan Statistical Area"
18620,1,"Corsicana, TX",18,18,33530,33530,0.571001789709133,0.571001789709133,0.00053683268714584,0.7516552341187,"Micropolitan Statistical Area"
18660,1,"Cortland, NY",4,19,22295,51386,0.620343151911958,0.165295783165967,0.000179412424310383,0.335110730549177,"Micropolitan Statistical Area"
18700,1,"Corvallis, OR",4,4,67148,67148,0.802136720107842,0.802136720107842,0.0000595699052838506,0.891523202478108,"Metropolitan Statistical Area"
18740,1,"Coshocton, OH",6,28,14697,40272,0.594368230499403,0.106947079486035,0.000408246580934885,0.274210369487485,"Micropolitan Statistical Area"
18820,1,"Crawfordsville, IN",11,22,21768,59831,0.574727475070035,0.258746068673956,0.000505328923190004,0.421286623990908,"Micropolitan Statistical Area"
18860,1,"Crescent City, CA",1,1,6676,6676,1,1,0.000149790293588975,1,"Micropolitan Statistical Area"
18880,2,"Crestview-Fort Walton Beach-Destin, FL",12,12,102418,102418,0.169606256918151,0.169606256918151,0.000117166904255111,0.2716319396981,"Metropolitan Statistical Area"
18900,1,"Crossville, TN",3,3,13534,13534,0.826129274734443,0.826129274734443,0.00022166395744052,0.906457809960101,"Micropolitan Statistical Area"
18980,1,"Cullman, AL",12,12,29502,29502,0.421861426790225,0.421861426790225,0.000406752084604434,0.631652091383635,"Micropolitan Statistical Area"
19060,2,"Cumberland, MD-WV",12,12,36764,36764,0.31845840224813,0.31845840224813,0.000326406267000326,0.50962898487651,"Micropolitan Statistical Area"
19100,11,"Dallas-Fort Worth-Arlington, TX",201,201,7084182,7084182,0.0638092248994258,0.0638092248994258,0.0000283730711605094,0.181878020638092,"Metropolitan Statistical Area"
19140,2,"Dalton, GA",6,6,43841,43841,0.627206799651665,0.627206799651665,0.000136858192103282,0.782030519376839,"Metropolitan Statistical Area"
19180,1,"Danville, IL",21,40,52426,125521,0.323097532715505,0.122545567293992,0.000400564605348491,0.22934011041977,"Micropolitan Statistical Area"
19220,2,"Danville, KY",6,6,25082,25082,0.506810685431491,0.506810685431491,0.000239215373574675,0.689857268160434,"Micropolitan Statistical Area"
19260,2,"Danville, VA",4,4,45949,45949,0.846279293133716,0.846279293133716,0.0000870530370628305,0.918735989901848,"Micropolitan Statistical Area"
19300,1,"Daphne-Fairhope-Foley, AL",14,14,133357,133357,0.135599216362219,0.135599216362219,0.000104981365807569,0.215789197417458,"Metropolitan Statistical Area"
19340,4,"Davenport-Moline-Rock Island, IA-IL",55,112,328817,536215,0.145971957574713,0.0662931651324721,0.00016726629097644,0.18837406637263,"Metropolitan Statistical Area"
19430,3,"Dayton-Kettering-Beavercreek, OH",41,74,618583,1015805,0.0851939230890747,0.0449034383040063,0.0000662805153067575,0.135430520621576,"Metropolitan Statistical Area"
19460,2,"Decatur, AL",12,12,88003,88003,0.467238713423833,0.467238713423833,0.000136358987761781,0.656841244048498,"Metropolitan Statistical Area"
19500,1,"Decatur, IL",12,28,89000,191432,0.619914858224971,0.208984964000189,0.000134831460674157,0.363815871954532,"Metropolitan Statistical Area"
19540,1,"Decatur, IN",4,16,16231,52192,0.448167462702067,0.114658606571416,0.000246441993715729,0.190029123237278,"Micropolitan Statistical Area"
19580,1,"Defiance, OH",4,16,21492,59636,0.650427927700902,0.157695539201151,0.000186115764005211,0.284576430344087,"Micropolitan Statistical Area"
19620,1,"Del Rio, TX",1,1,34584,34584,1,1,0.0000289151052509831,1,"Micropolitan Statistical Area"
19660,2,"Deltona-Daytona Beach-Ormond Beach, FL",21,21,551236,551236,0.110570348417891,0.110570348417891,0.0000380962056179205,0.173758607928365,"Metropolitan Statistical Area"
19700,1,"Deming, NM",2,2,16294,16294,0.836951272304629,0.836951272304629,0.000122744568552842,0.910457837240702,"Micropolitan Statistical Area"
19740,10,"Denver-Aurora-Centennial, CO",45,45,2326229,2326229,0.142355597854248,0.142355597854248,0.0000193446131055885,0.30584392164314,"Metropolitan Statistical Area"
19760,1,"DeRidder, LA",2,2,10702,10702,0.837147704861919,0.837147704861919,0.000186880956830499,0.910577462156606,"Micropolitan Statistical Area"
19780,6,"Des Moines-West Des Moines, IA",74,74,639676,639676,0.147412293851937,0.147412293851937,0.000115683564804682,0.331466242285157,"Metropolitan Statistical Area"
19810,1,"Detroit Lakes, MN",7,44,12843,35219,0.597741661103066,0.0992079486004347,0.000545043992836565,0.278116925523155,"Micropolitan Statistical Area"
19820,6,"Detroit-Warren-Dearborn, MI",109,207,2853011,4431299,0.0654460386140196,0.0306115381948626,0.0000382052505230439,0.142726545872892,"Metropolitan Statistical Area"
19860,3,"Dickinson, ND",11,11,29289,29289,0.74143532539351,0.74143532539351,0.000375567619242719,0.859264570316501,"Micropolitan Statistical Area"
19940,1,"Dixon, IL",12,34,21853,55902,0.511834701682675,0.18370299483026,0.000549123690111198,0.312457514936854,"Micropolitan Statistical Area"
19980,1,"Dodge City, KS",4,18,29409,35878,0.887892022562828,0.600356624134571,0.000136012785201809,0.771782150621551,"Micropolitan Statistical Area"
20020,3,"Dothan, AL",23,23,106704,106704,0.453121976394238,0.453121976394238,0.000215549557654821,0.66703216374269,"Metropolitan Statistical Area"
20060,2,"Douglas, GA",6,6,19428,19428,0.408066242189795,0.408066242189795,0.000308832612723904,0.60361334156887,"Micropolitan Statistical Area"
20100,1,"Dover, DE",19,19,72346,72346,0.334738478872859,0.334738478872859,0.000262626821109667,0.538965526774113,"Metropolitan Statistical Area"
20140,2,"Dublin, GA",10,10,24750,24750,0.454420987246199,0.454420987246199,0.000404040404040404,0.651353535353535,"Micropolitan Statistical Area"
20180,1,"DuBois, PA",19,49,22354,80042,0.201783222840262,0.0597012235101646,0.000849959738749217,0.147122760550711,"Micropolitan Statistical Area"
20220,1,"Dubuque, IA",21,21,80123,80123,0.555889112378439,0.555889112378439,0.000262097025822797,0.737853050934189,"Metropolitan Statistical Area"
20260,3,"Duluth, MN-WI",42,149,202529,275372,0.216105775995512,0.118431753918525,0.000207377708871322,0.313655709367692,"Metropolitan Statistical Area"
20300,1,"Dumas, TX",3,3,19042,19042,0.596813950568101,0.596813950568101,0.000157546476210482,0.750446381682596,"Micropolitan Statistical Area"
20340,1,"Duncan, OK",8,8,32092,32092,0.526146577778716,0.526146577778716,0.000249283310482363,0.708743612115169,"Micropolitan Statistical Area"
20420,1,"Durango, CO",3,3,22967,22967,0.717734757559214,0.717734757559214,0.000130622197065355,0.836983498062437,"Micropolitan Statistical Area"
20460,1,"Durant, OK",13,13,26477,26477,0.536515316987975,0.536515316987975,0.000490992181893719,0.720927597537485,"Micropolitan Statistical Area"
20500,4,"Durham-Chapel Hill, NC",8,8,398451,398451,0.541429431047725,0.541429431047725,0.0000200777510911003,0.716592504473574,"Metropolitan Statistical Area"
20540,1,"Dyersburg, TN",3,3,19876,19876,0.678474670345962,0.678474670345962,0.000150935801972228,0.806198430267659,"Micropolitan Statistical Area"
20580,1,"Eagle Pass, TX",1,1,28596,28596,1,1,0.0000349699258637572,1,"Metropolitan Statistical Area"
20660,1,"Easton, MD",5,5,20170,20170,0.72750479132628,0.72750479132628,0.000247892910262766,0.848686167575607,"Micropolitan Statistical Area"
20700,1,"East Stroudsburg, PA",4,20,19642,169273,0.372533853379007,0.0723110131754053,0.000203645249974544,0.123250607007615,"Micropolitan Statistical Area"
20740,2,"Eau Claire, WI",13,49,115327,173342,0.391614715559384,0.179523988690783,0.000112722952994529,0.400601123789964,"Metropolitan Statistical Area"
20780,1,"Edwards, CO",7,7,32191,32191,0.199111585149796,0.199111585149796,0.000217452082880308,0.264949830698021,"Micropolitan Statistical Area"
20820,2,"Effingham, IL",14,37,23193,67968,0.304232172826913,0.0853887427271358,0.000603630405725866,0.184969397363465,"Micropolitan Statistical Area"
20900,1,"El Campo, TX",3,3,23127,23127,0.429774761822868,0.429774761822868,0.000129718510831496,0.531413499373027,"Micropolitan Statistical Area"
20940,1,"El Centro, CA",7,7,144268,144268,0.223770949888076,0.223770949888076,0.0000485208084953004,0.306083123076497,"Metropolitan Statistical Area"
20980,1,"El Dorado, AR",8,8,21554,21554,0.65565285922583,0.65565285922583,0.000371160805418948,0.804444650644892,"Micropolitan Statistical Area"
21020,1,"Elizabeth City, NC",1,1,18703,18703,1,1,0.0000534673581778324,1,"Micropolitan Statistical Area"
21060,2,"Elizabethtown, KY",7,7,67127,67127,0.355892959771233,0.355892959771233,0.000104279946966198,0.475680426653954,"Metropolitan Statistical Area"
21120,1,"Elk City, OK",6,6,17296,17296,0.515656107971685,0.515656107971685,0.000346901017576318,0.668940795559667,"Micropolitan Statistical Area"
21140,1,"Elkhart-Goshen, IN",7,23,103809,310730,0.388441863963007,0.106432514216222,0.0000674315329114046,0.179747690921379,"Metropolitan Statistical Area"
21180,1,"Elkins, WV",7,7,8665,8665,0.643742576888205,0.643742576888205,0.000807847663012118,0.795729948066936,"Micropolitan Statistical Area"
21220,1,"Elko, NV",4,4,28401,28401,0.558919291590605,0.558919291590605,0.000140840111263688,0.7257843033696,"Micropolitan Statistical Area"
21260,1,"Ellensburg, WA",5,5,24685,24685,0.643214421089975,0.643214421089975,0.000202552157180474,0.793842414421714,"Micropolitan Statistical Area"
21300,1,"Elmira, NY",5,16,37454,94200,0.534062926948137,0.150867767680456,0.000133497089763443,0.279182590233546,"Metropolitan Statistical Area"
21340,2,"El Paso, TX",8,8,755637,755637,0.809510869338526,0.809510869338526,0.0000105870940676542,0.897805427738451,"Metropolitan Statistical Area"
21380,2,"Emporia, KS",14,34,27715,38302,0.752985404094256,0.40015918985846,0.000505141620061339,0.626834107879484,"Micropolitan Statistical Area"
21420,1,"Enid, OK",14,14,55952,55952,0.818044970339584,0.818044970339584,0.000250214469545325,0.903738919073492,"Metropolitan Statistical Area"
21460,1,"Enterprise, AL",4,4,34820,34820,0.724199026683879,0.724199026683879,0.000114876507754164,0.844198736358415,"Micropolitan Statistical Area"
21500,1,"Erie, PA",16,38,126534,269011,0.559361634182737,0.172714814966992,0.000126448227353913,0.349424372981031,"Metropolitan Statistical Area"
21540,1,"Escanaba, MI",3,17,17851,37013,0.5703086518084,0.168420971192526,0.000168057811887289,0.335449706859752,"Micropolitan Statistical Area"
21580,1,"Española, NM",2,2,11399,11399,0.85278820959057,0.85278820959057,0.000175453987191859,0.919992981840512,"Micropolitan Statistical Area"
21640,2,"Eufaula, AL-GA",7,7,19073,19073,0.474196000839839,0.474196000839839,0.0003670109578986,0.66455198448068,"Micropolitan Statistical Area"
21660,1,"Eugene-Springfield, OR",12,12,282995,282995,0.435327147247981,0.435327147247981,0.0000424035760349123,0.61872471245075,"Metropolitan Statistical Area"
21700,1,"Eureka-Arcata, CA",7,7,64352,64352,0.298857205117935,0.298857205117935,0.000108776727996022,0.411626678269518,"Micropolitan Statistical Area"
21740,2,"Evanston, WY-UT",8,8,17426,17426,0.484130003635975,0.484130003635975,0.000459084127166303,0.677952484792838,"Micropolitan Statistical Area"
21780,3,"Evansville, IN",13,41,142118,411735,0.67753551179945,0.139048624139159,0.0000914732827650262,0.282914981723682,"Metropolitan Statistical Area"
21820,1,"Fairbanks-College, AK",2,2,34987,34987,0.877910840406398,0.877910840406398,0.0000571640895189642,0.934690027724583,"Metropolitan Statistical Area"
21860,1,"Fairmont, MN",9,29,14912,19865,0.503286510834953,0.286960803698309,0.000603540772532189,0.524037251447269,"Micropolitan Statistical Area"
21900,1,"Fairmont, WV",11,11,29017,29017,0.418020330732488,0.418020330732488,0.000379088120756798,0.62752869007823,"Micropolitan Statistical Area"
21980,1,"Fallon, NV",1,1,9325,9325,1,1,0.000107238605898123,1,"Micropolitan Statistical Area"
22020,2,"Fargo, ND-MN",37,116,236728,251626,0.351149664949452,0.310888853164792,0.000156297522895475,0.503715832227194,"Metropolitan Statistical Area"
22060,1,"Faribault-Northfield, MN",6,20,52920,68490,0.376048884238335,0.228747134253122,0.000113378684807256,0.356548401226456,"Micropolitan Statistical Area"
22100,1,"Farmington, MO",8,8,42520,42520,0.267658957900615,0.267658957900615,0.000188146754468485,0.430268109125118,"Micropolitan Statistical Area"
22140,1,"Farmington, NM",4,4,60535,60535,0.613360617831221,0.613360617831221,0.0000660774758404229,0.766862145866028,"Metropolitan Statistical Area"
22180,2,"Fayetteville, NC",10,10,249131,249131,0.710170638596811,0.710170638596811,0.0000401395249888613,0.838024974812448,"Metropolitan Statistical Area"
22190,1,"Fayetteville, TN",2,2,7520,7520,0.868748620699412,0.868748620699412,0.000265957446808511,0.92938829787234,"Micropolitan Statistical Area"
22220,3,"Fayetteville-Springdale-Rogers, AR",34,34,461551,461551,0.127342528661099,0.127342528661099,0.0000736646654432555,0.20632606147533,"Metropolitan Statistical Area"
22260,1,"Fergus Falls, MN",20,82,27042,59743,0.302728928363022,0.0680776946218012,0.000739590266992086,0.234822489664061,"Micropolitan Statistical Area"
22300,1,"Findlay, OH",11,28,46120,79360,0.752843293523663,0.271565660998675,0.000238508239375542,0.503301411290323,"Micropolitan Statistical Area"
22340,1,"Fitzgerald, GA",1,1,8977,8977,1,1,0.000111395789239167,1,"Micropolitan Statistical Area"
22380,1,"Flagstaff, AZ",5,5,89548,89548,0.74754809006702,0.74754809006702,0.0000558359762362085,0.859751194889891,"Metropolitan Statistical Area"
22420,1,"Flint, MI",14,31,164151,407443,0.287625498258969,0.076847976430071,0.000085287326912416,0.197887802711054,"Metropolitan Statistical Area"
22500,2,"Florence, SC",13,13,68217,68217,0.373234983328263,0.373234983328263,0.000190568333406629,0.585748420481698,"Metropolitan Statistical Area"
22520,2,"Florence-Muscle Shoals, AL",13,13,81832,81832,0.305623401254684,0.305623401254684,0.000158862058852283,0.487987584319093,"Metropolitan Statistical Area"
22540,1,"Fond du Lac, WI",11,32,64973,100795,0.494313642018661,0.213537852125112,0.00016930109430071,0.442432660350216,"Metropolitan Statistical Area"
22580,1,"Forest City, NC",8,8,18084,18084,0.266664386760871,0.266664386760871,0.0004423800044238,0.406657819066578,"Micropolitan Statistical Area"
22620,1,"Forrest City, AR",8,8,16407,16407,0.633269294095331,0.633269294095331,0.000487596757481563,0.790638142256354,"Micropolitan Statistical Area"
22660,1,"Fort Collins-Loveland, CO",6,6,282890,282890,0.434038466669198,0.434038466669198,0.000021209657464032,0.595772208278836,"Metropolitan Statistical Area"
22700,1,"Fort Dodge, IA",13,13,29654,29654,0.708716645373371,0.708716645373371,0.000438389424698186,0.840089026775477,"Micropolitan Statistical Area"
22780,1,"Fort Leonard Wood, MO",5,5,14649,14649,0.295132551753119,0.295132551753119,0.00034132022663663,0.370468973991399,"Micropolitan Statistical Area"
22800,1,"Fort Madison, IA",8,8,22865,22865,0.385586452852765,0.385586452852765,0.00034987972884321,0.444959545156352,"Micropolitan Statistical Area"
22820,1,"Fort Morgan, CO",5,5,19488,19488,0.427074891651567,0.427074891651567,0.000256568144499179,0.586976600985222,"Micropolitan Statistical Area"
22840,1,"Fort Payne, AL",16,16,33948,33948,0.235382992895559,0.235382992895559,0.000471309060916696,0.436962413102392,"Micropolitan Statistical Area"
22900,3,"Fort Smith, AR-OK",29,29,163532,163532,0.330276661665555,0.330276661665555,0.000177335322750287,0.547758236919991,"Metropolitan Statistical Area"
23060,3,"Fort Wayne, IN",17,55,327211,778446,0.666103036715747,0.157701449708559,0.0000519542435920553,0.341673025489244,"Metropolitan Statistical Area"
23140,1,"Frankfort, IN",6,20,21246,54311,0.625331727919033,0.208230196477327,0.000282406099971759,0.323065309053415,"Micropolitan Statistical Area"
23180,2,"Frankfort, KY",2,2,40390,40390,0.586504930480673,0.586504930480673,0.0000495172072295123,0.707972270363951,"Micropolitan Statistical Area"
23190,1,"Franklin, KY",1,1,10133,10133,1,1,0.0000986874568242376,1,"Micropolitan Statistical Area"
23240,1,"Fredericksburg, TX",1,1,11072,11072,1,1,0.0000903179190751445,1,"Micropolitan Statistical Area"
23300,1,"Freeport, IL",11,29,30751,74772,0.6020374254439,0.207768620833515,0.000357711944327014,0.316294869737335,"Micropolitan Statistical Area"
23340,1,"Fremont, NE",10,24,32046,39714,0.73315734902687,0.482528619945853,0.000312051426075017,0.689253160094677,"Micropolitan Statistical Area"
23380,1,"Fremont, OH",7,19,27428,58839,0.399444330352113,0.117141374435495,0.000255213650284381,0.268886282907595,"Micropolitan Statistical Area"
23420,2,"Fresno, CA",17,17,939322,939322,0.362582045102767,0.362582045102767,0.0000180981601623299,0.579684069999425,"Metropolitan Statistical Area"
23460,1,"Gadsden, AL",11,11,73290,73290,0.264585714242895,0.264585714242895,0.000150088688770637,0.460758630099604,"Metropolitan Statistical Area"
23500,1,"Gaffney, SC",2,2,14312,14312,0.770969788981231,0.770969788981231,0.000139742873113471,0.868082727780883,"Micropolitan Statistical Area"
23540,3,"Gainesville, FL",19,19,182964,182964,0.596146427803965,0.596146427803965,0.000103845565247808,0.767353140508515,"Metropolitan Statistical Area"
23580,1,"Gainesville, GA",6,6,63264,63264,0.506344589414266,0.506344589414266,0.0000948406676783005,0.686282878098128,"Metropolitan Statistical Area"
23620,1,"Gainesville, TX",7,7,22336,22336,0.629196674737379,0.629196674737379,0.000313395415472779,0.78689111747851,"Micropolitan Statistical Area"
23660,1,"Galesburg, IL",14,35,40331,89599,0.554548854011734,0.227599198639389,0.000347127519773871,0.331610843871025,"Micropolitan Statistical Area"
23680,1,"Gallipolis, OH",6,21,4936,34094,0.483926758456378,0.0845275820156069,0.00121555915721232,0.158825599812284,"Micropolitan Statistical Area"
23700,1,"Gallup, NM",1,1,21495,21495,1,1,0.0000465224470807164,1,"Micropolitan Statistical Area"
23780,1,"Garden City, KS",2,9,30084,40335,0.86285095876827,0.505910653538792,0.0000664805212072863,0.690616090244205,"Micropolitan Statistical Area"
23900,1,"Gettysburg, PA",13,34,29408,104127,0.134036048480364,0.0420194917136197,0.000442056583242655,0.0754847445907402,"Metropolitan Statistical Area"
23940,1,"Gillette, WY",2,2,34503,34503,0.91055670957035,0.91055670957035,0.0000579659739732777,0.953076544068632,"Micropolitan Statistical Area"
23980,2,"Glasgow, KY",4,4,19736,19736,0.606828000502457,0.606828000502457,0.000202675314146737,0.764440616132955,"Micropolitan Statistical Area"
24020,2,"Glens Falls, NY",10,38,35429,147281,0.239609525687261,0.0724785177361058,0.000282254650145361,0.197595073363163,"Metropolitan Statistical Area"
24100,1,"Gloversville, NY",5,15,26392,56283,0.426523350214699,0.137017295669094,0.000189451348893604,0.267718494039053,"Micropolitan Statistical Area"
24140,1,"Goldsboro, NC",7,7,40038,40038,0.681166446498934,0.681166446498934,0.000174833907787602,0.817947949448024,"Metropolitan Statistical Area"
24180,1,"Granbury, TX",6,6,18283,18283,0.433686396549806,0.433686396549806,0.000328173713285566,0.624842750095717,"Micropolitan Statistical Area"
24220,2,"Grand Forks, ND-MN",24,123,84098,103366,0.508821002593027,0.337708432178034,0.000285381340816666,0.568668614438016,"Metropolitan Statistical Area"
24260,3,"Grand Island, NE",17,27,63403,67396,0.685979810254446,0.607594622938296,0.000268126113906282,0.776529764377708,"Metropolitan Statistical Area"
24300,1,"Grand Junction, CO",5,5,83912,83912,0.663761606493838,0.663761606493838,0.0000595862331966822,0.798026503956526,"Metropolitan Statistical Area"
24330,1,"Grand Rapids, MN",16,55,22676,40249,0.276286083906616,0.101425952201058,0.000705591815134944,0.278764689805958,"Micropolitan Statistical Area"
24340,5,"Grand Rapids-Wyoming-Kentwood, MI",44,134,530853,1191227,0.179852821070535,0.0442852316444724,0.0000828854692353627,0.165724920607072,"Metropolitan Statistical Area"
24420,1,"Grants Pass, OR",2,2,41435,41435,0.905032581806467,0.905032581806467,0.0000482683721491493,0.950018100639556,"Metropolitan Statistical Area"
24460,1,"Great Bend, KS",9,31,20259,26249,0.545678848613793,0.330270066718524,0.000444247001332741,0.55544973141834,"Micropolitan Statistical Area"
24500,1,"Great Falls, MT",4,4,61566,61566,0.962743096789301,0.962743096789301,0.0000649709255108339,0.981109703407725,"Metropolitan Statistical Area"
24540,1,"Greeley, CO",26,26,318389,318389,0.158327697135324,0.158327697135324,0.0000816611126640682,0.343362993068228,"Metropolitan Statistical Area"
24580,3,"Green Bay, WI",20,66,251804,330005,0.214697937408872,0.127325803936307,0.000079426855808486,0.324282965409615,"Metropolitan Statistical Area"
24600,1,"Greencastle, IN",6,19,14392,51371,0.509134896293753,0.126138893164731,0.000416898276820456,0.247999844270113,"Micropolitan Statistical Area"
24620,1,"Greeneville, TN",4,4,21444,21444,0.555803869587956,0.555803869587956,0.000186532363365044,0.722579742585339,"Micropolitan Statistical Area"
24640,1,"Greenfield, MA",1,26,17241,70604,1,0.103418124250402,0.0000580012760280726,0.244192963571469,"Micropolitan Statistical Area"
24660,3,"Greensboro-High Point, NC",25,25,551506,551506,0.34107733541973,0.34107733541973,0.0000453304225158022,0.540815512433228,"Metropolitan Statistical Area"
24700,1,"Greensburg, IN",5,14,15013,41333,0.672860576274735,0.216289004972486,0.000333044694598015,0.337260784361164,"Micropolitan Statistical Area"
24740,1,"Greenville, MS",5,5,36034,36034,0.653964953557257,0.653964953557257,0.00013875783981795,0.798606871288228,"Micropolitan Statistical Area"
24780,1,"Greenville, NC",10,10,113870,113870,0.619947088689054,0.619947088689054,0.00008781944322473,0.779204355844384,"Metropolitan Statistical Area"
24820,1,"Greenville, OH",19,39,24611,76208,0.297323474055953,0.0959354705007708,0.000772012514729186,0.223952865840857,"Micropolitan Statistical Area"
24860,4,"Greenville-Anderson-Greer, SC",27,27,302076,302076,0.111257367124216,0.111257367124216,0.0000893814801573114,0.238665104145976,"Metropolitan Statistical Area"
24900,2,"Greenwood, MS",8,8,17887,17887,0.627179533602564,0.627179533602564,0.000447252194331078,0.784759881478169,"Micropolitan Statistical Area"
24940,2,"Greenwood, SC",10,10,34477,34477,0.445190861912951,0.445190861912951,0.000290048438089161,0.644516634277924,"Micropolitan Statistical Area"
24980,2,"Grenada, MS",4,4,18230,18230,0.527722034141068,0.527722034141068,0.000219418540866703,0.684092155787164,"Micropolitan Statistical Area"
25060,4,"Gulfport-Biloxi, MS",13,13,259369,259369,0.144134080843738,0.144134080843738,0.0000501216413680895,0.278001611603546,"Metropolitan Statistical Area"
25100,1,"Guymon, OK",7,7,17438,17438,0.53700685920032,0.53700685920032,0.000401422181442826,0.720323431586191,"Micropolitan Statistical Area"
25180,3,"Hagerstown-Martinsburg, MD-WV",13,13,77234,77234,0.382178403523354,0.382178403523354,0.00016831965196675,0.563055131159852,"Metropolitan Statistical Area"
25200,3,"Hailey, ID",9,9,21000,21000,0.26325641723356,0.26325641723356,0.000428571428571429,0.450619047619048,"Micropolitan Statistical Area"
25220,1,"Hammond, LA",8,8,37535,37535,0.344482369982501,0.344482369982501,0.000213134407885973,0.532196616491275,"Metropolitan Statistical Area"
25260,1,"Hanford-Corcoran, CA",4,4,122109,122109,0.326185633866579,0.326185633866579,0.0000327576181935811,0.479047408462931,"Metropolitan Statistical Area"
25300,2,"Hannibal, MO",6,6,23051,23051,0.575998744372341,0.575998744372341,0.000260292395123856,0.740401717929808,"Micropolitan Statistical Area"
25420,3,"Harrisburg-Carlisle, PA",37,103,162370,597460,0.129244348572694,0.0351649421374843,0.00022787460737821,0.0905315837043484,"Metropolitan Statistical Area"
25460,2,"Harrison, AR",13,13,16926,16926,0.613440543973071,0.613440543973071,0.000768049155145929,0.779569892473118,"Micropolitan Statistical Area"
25500,2,"Harrisonburg, VA",8,8,72923,72923,0.513527300094633,0.513527300094633,0.000109704757072529,0.705264457030018,"Metropolitan Statistical Area"
25540,2,"Hartford-West Hartford-East Hartford, CT",4,56,241569,1148947,0.380601649178373,0.0367365843499295,0.0000165584160219233,0.104944788575974,"Metropolitan Statistical Area"
25580,3,"Hastings, NE",22,38,33964,37884,0.54956232555379,0.443145325642216,0.000647744670827935,0.660885862105374,"Micropolitan Statistical Area"
25620,3,"Hattiesburg, MS",8,8,66100,66100,0.539940310490913,0.539940310490913,0.000121028744326778,0.712072617246596,"Metropolitan Statistical Area"
25700,1,"Hays, KS",4,13,24118,30112,0.752626389857629,0.490395855914046,0.000165851231445393,0.690588469713071,"Micropolitan Statistical Area"
25720,2,"Heber, UT",14,14,43016,43016,0.230361384403757,0.230361384403757,0.000325460293844151,0.401943462897527,"Micropolitan Statistical Area"
25740,3,"Helena, MT",5,5,39244,39244,0.718775927355009,0.718775927355009,0.000127408011415758,0.84395066761798,"Metropolitan Statistical Area"
25770,1,"Hemlock Farms, PA",2,13,3535,59952,0.565658268797177,0.125119739840445,0.000565770862800566,0.213821056845476,"Micropolitan Statistical Area"
25775,2,"Henderson, KY",9,9,35476,35476,0.620791572516264,0.620791572516264,0.000253692637275905,0.781260570526553,"Micropolitan Statistical Area"
25780,1,"Henderson, NC",3,3,15183,15183,0.970177494580607,0.970177494580607,0.000197589409207666,0.984917341763815,"Micropolitan Statistical Area"
25820,1,"Hereford, TX",1,1,14779,14779,1,1,0.0000676635766966642,1,"Micropolitan Statistical Area"
25840,2,"Hermiston-Pendleton, OR",17,17,65310,65310,0.186982555266087,0.186982555266087,0.000260297044862961,0.297887000459348,"Micropolitan Statistical Area"
25850,1,"Hermitage, PA",17,48,58000,109972,0.167958439357907,0.0570103764647014,0.000293103448275862,0.1468010038919,"Micropolitan Statistical Area"
25860,4,"Hickory-Lenoir-Morganton, NC",24,24,148715,148715,0.133275246810038,0.133275246810038,0.00016138251017046,0.292720976364187,"Metropolitan Statistical Area"
25880,1,"Hillsdale, MI",9,27,14870,47607,0.342256453486821,0.0654590529798393,0.000605245460659045,0.171949503224316,"Micropolitan Statistical Area"
25940,2,"Hilton Head Island-Bluffton-Port Royal, SC",6,6,108914,108914,0.246078595531667,0.246078595531667,0.0000550893365407569,0.349596929687643,"Metropolitan Statistical Area"
25980,2,"Hinesville, GA",8,8,45608,45608,0.614562688389956,0.614562688389956,0.000175407823188914,0.776618137168918,"Metropolitan Statistical Area"
26020,1,"Hobbs, NM",5,5,57023,57023,0.530556798525614,0.530556798525614,0.0000876839170159409,0.69719236097715,"Micropolitan Statistical Area"
26090,1,"Holland, MI",9,33,22488,114283,0.165231081463139,0.0384009299709506,0.000400213447171825,0.0693016459140905,"Micropolitan Statistical Area"
26140,1,"Homosassa Springs, FL",2,2,11026,11026,0.57331122661148,0.57331122661148,0.00018138944313441,0.691456557228369,"Metropolitan Statistical Area"
26220,1,"Hood River, OR",2,2,9724,9724,0.756005297845378,0.756005297845378,0.000205676676264912,0.857774578362814,"Micropolitan Statistical Area"
26300,1,"Hot Springs, AR",4,4,39270,39270,0.942363153007111,0.942363153007111,0.000101858925388337,0.970562770562771,"Metropolitan Statistical Area"
26340,2,"Houghton, MI",8,27,16877,44177,0.29586539773609,0.0855186812018782,0.000474017894175505,0.172533218643185,"Micropolitan Statistical Area"
26380,2,"Houma-Bayou Cane-Thibodaux, LA",4,4,52499,52499,0.483149873652094,0.483149873652094,0.000076191927465285,0.628926265262195,"Metropolitan Statistical Area"
26420,10,"Houston-Pasadena-The Woodlands, TX",128,128,3886417,3886417,0.353535487602437,0.353535487602437,0.0000329352202813028,0.5887813891304,"Metropolitan Statistical Area"
26460,1,"Hudson, NY",5,23,11979,67859,0.308141586591684,0.0610863030906737,0.000417397111611988,0.123226101180389,"Micropolitan Statistical Area"
26500,1,"Huntingdon, PA",18,48,13483,43889,0.292886107430593,0.0544421223500651,0.00133501446265668,0.155346442160906,"Micropolitan Statistical Area"
26540,1,"Huntington, IN",6,18,22200,58917,0.601204845385927,0.214879651249186,0.00027027027027027,0.345180508172514,"Micropolitan Statistical Area"
26580,8,"Huntington-Ashland, WV-KY-OH",34,48,140679,198124,0.146997868176436,0.086311753915575,0.00024168497074901,0.232304011629081,"Metropolitan Statistical Area"
26620,2,"Huntsville, AL",11,11,314050,314050,0.519516182168541,0.519516182168541,0.0000350262697022767,0.690854959401369,"Metropolitan Statistical Area"
26660,1,"Huntsville, TX",3,3,47807,47807,0.938004477530775,0.938004477530775,0.0000627523166063547,0.968226410358316,"Micropolitan Statistical Area"
26700,1,"Huron, SD",8,43,15280,19065,0.868645005276719,0.559887257480224,0.000523560209424084,0.746446367689483,"Micropolitan Statistical Area"
26740,1,"Hutchinson, KS",15,46,48152,68804,0.685050897520592,0.343309753333476,0.000311513540455225,0.577175745596186,"Micropolitan Statistical Area"
26780,1,"Hutchinson, MN",9,23,26914,36735,0.35281846019729,0.195360389373462,0.000334398454336033,0.397168912481285,"Micropolitan Statistical Area"
26820,3,"Idaho Falls, ID",16,16,99397,99397,0.492307790701513,0.492307790701513,0.000160970653037818,0.673038421682747,"Metropolitan Statistical Area"
26860,1,"Indiana, PA",14,38,22749,82886,0.384522936667737,0.0780476052511387,0.000615411666446877,0.183082788408175,"Micropolitan Statistical Area"
26900,11,"Indianapolis-Carmel-Greenwood, IN",87,196,1782606,3849358,0.2589063005535,0.0664541657386337,0.0000488049518513906,0.229139248674714,"Metropolitan Statistical Area"
26980,2,"Iowa City, IA",19,19,146667,146667,0.308412018833239,0.308412018833239,0.000129545160124636,0.508607934981966,"Metropolitan Statistical Area"
27020,2,"Iron Mountain, MI-WI",3,18,15396,30380,0.378924487409585,0.145497366905309,0.00019485580670304,0.245622119815668,"Micropolitan Statistical Area"
27060,1,"Ithaca, NY",7,16,46082,119534,0.494187220554474,0.138345670079819,0.000151903129204462,0.265280171332006,"Metropolitan Statistical Area"
27100,1,"Jackson, MI",7,26,37032,165735,0.720821070550883,0.0970306237225854,0.000189025707496219,0.189139288623405,"Metropolitan Statistical Area"
27140,8,"Jackson, MS",44,44,380981,380981,0.183215939234555,0.183215939234555,0.000115491323714306,0.393093093881322,"Metropolitan Statistical Area"
27180,4,"Jackson, TN",20,20,114921,114921,0.369406731027248,0.369406731027248,0.000174032596305288,0.592702813236919,"Metropolitan Statistical Area"
27220,2,"Jackson, WY-ID",4,4,15535,15535,0.527780439923596,0.527780439923596,0.000257483102671387,0.69835854522047,"Micropolitan Statistical Area"
27260,5,"Jacksonville, FL",16,16,1067907,1067907,0.800358536868706,0.800358536868706,0.0000149825780709369,0.893911173913084,"Metropolitan Statistical Area"
27300,2,"Jacksonville, IL",17,17,28163,28163,0.420517034177231,0.420517034177231,0.000603628874764762,0.632603060753471,"Micropolitan Statistical Area"
27340,1,"Jacksonville, NC",5,5,84423,84423,0.750834180665543,0.750834180665543,0.0000592255664925435,0.86322447674212,"Metropolitan Statistical Area"
27380,1,"Jacksonville, TX",8,8,23142,23142,0.432306045167992,0.432306045167992,0.000345691815746262,0.608158326851612,"Micropolitan Statistical Area"
27420,1,"Jamestown, ND",11,73,16780,21560,0.881542843586141,0.536541183769848,0.00065554231227652,0.730519480519481,"Micropolitan Statistical Area"
27460,1,"Jamestown-Dunkirk, NY",15,42,68088,153845,0.23675163862117,0.0669625160542242,0.000220303137116673,0.184555884169131,"Micropolitan Statistical Area"
27500,1,"Janesville-Beloit, WI",8,28,124432,164446,0.374444426224984,0.219412356653093,0.0000642921435000643,0.40099485545407,"Metropolitan Statistical Area"
27540,1,"Jasper, IN",5,17,26367,69916,0.468878164752559,0.147884466091519,0.000189630978116585,0.245494593512215,"Micropolitan Statistical Area"
27600,1,"Jefferson, GA",8,8,45290,45290,0.235435582793373,0.235435582793373,0.000176639434753809,0.317575623758004,"Micropolitan Statistical Area"
27620,4,"Jefferson City, MO",25,25,78419,78419,0.333564060309328,0.333564060309328,0.000318800290745865,0.545429041431286,"Metropolitan Statistical Area"
27700,1,"Jesup, GA",3,3,11138,11138,0.796445342440087,0.796445342440087,0.000269348177410666,0.888759202729395,"Micropolitan Statistical Area"
27740,3,"Johnson City, TN",6,6,101393,101393,0.52165161467962,0.52165161467962,0.0000591756827394396,0.702987385716963,"Metropolitan Statistical Area"
27780,1,"Johnstown, PA",33,63,58240,132274,0.124608568961516,0.0435746963584888,0.000566620879120879,0.13788046025674,"Metropolitan Statistical Area"
27860,2,"Jonesboro, AR",18,18,108731,108731,0.541122095851269,0.541122095851269,0.000165546164387341,0.729543552436748,"Metropolitan Statistical Area"
27900,3,"Joplin, MO-KS",48,62,134875,143592,0.186872102858429,0.165392844853741,0.000355885078776645,0.361064683269263,"Metropolitan Statistical Area"
27940,1,"Juneau, AK",1,1,31973,31973,1,1,0.0000312763894536015,1,"Micropolitan Statistical Area"
28020,1,"Kalamazoo-Portage, MI",9,24,133840,268898,0.434257249380031,0.135342104686745,0.0000672444710101614,0.272434157189715,"Metropolitan Statistical Area"
28060,1,"Kalispell, MT",3,3,40147,40147,0.486786289543772,0.486786289543772,0.0000747253842130172,0.650359927267293,"Micropolitan Statistical Area"
28100,1,"Kankakee, IL",19,36,78822,185423,0.201746344827872,0.105226037687417,0.000241049453198346,0.212470944812672,"Metropolitan Statistical Area"
28140,13,"Kansas City, MO-KS",163,239,2008014,2106407,0.0964055259407623,0.0876867710185445,0.0000811747328454881,0.241356015243018,"Metropolitan Statistical Area"
28260,2,"Kearney, NE",14,28,44575,51249,0.589621347750881,0.448937889993018,0.00031407739764442,0.662627563464653,"Micropolitan Statistical Area"
28300,1,"Keene, NH",1,23,23106,77329,1,0.125744443300966,0.0000432788020427595,0.298801225930763,"Micropolitan Statistical Area"
28340,1,"Kendallville, IN",7,20,22238,69465,0.280856584719893,0.0850913248918225,0.000314776508678838,0.156467285683438,"Micropolitan Statistical Area"
28380,1,"Kennett, MO",10,18,20135,47852,0.31059826923173,0.138830228711896,0.000496647628507574,0.251065786174037,"Micropolitan Statistical Area"
28420,2,"Kennewick-Richland, WA",9,9,257320,257320,0.265135296168479,0.265135296168479,0.000034975905487331,0.32833825586818,"Metropolitan Statistical Area"
28450,1,"Kenosha, WI",7,12,158203,168730,0.426525685732041,0.375926978712249,0.0000442469485407988,0.588431221478101,"Metropolitan Statistical Area"
28500,1,"Kerrville, TX",2,2,26290,26290,0.871588234979218,0.871588234979218,0.0000760745530620008,0.931038417649296,"Micropolitan Statistical Area"
28540,1,"Ketchikan, AK",2,2,8419,8419,0.913370400248388,0.913370400248388,0.00023755790473928,0.954626440194797,"Micropolitan Statistical Area"
28580,1,"Key West-Key Largo, FL",5,5,44331,44331,0.432184270164171,0.432184270164171,0.000112787891092012,0.598384877399562,"Micropolitan Statistical Area"
28620,1,"Kill Devil Hills, NC",6,6,20278,20278,0.238444639143093,0.238444639143093,0.000295887168359799,0.383519084722359,"Micropolitan Statistical Area"
28660,3,"Killeen-Temple, TX",19,19,383732,383732,0.239067941631419,0.239067941631419,0.0000495137231192603,0.407213888859933,"Metropolitan Statistical Area"
28680,1,"Kingsland, GA",3,3,38664,38664,0.473624570964011,0.473624570964011,0.0000775915580384854,0.49335298986137,"Micropolitan Statistical Area"
28700,5,"Kingsport-Bristol, TN-VA",18,18,136328,136328,0.232691387397907,0.232691387397907,0.000132034505017311,0.407707880992899,"Metropolitan Statistical Area"
28740,1,"Kingston, NY",4,24,39762,198613,0.424144808686783,0.0615182630604634,0.000100598561440571,0.121341503325563,"Metropolitan Statistical Area"
28780,1,"Kingsville, TX",1,1,25069,25069,1,1,0.0000398899038653317,1,"Micropolitan Statistical Area"
28820,1,"Kinston, NC",3,3,22675,22675,0.757347639637318,0.757347639637318,0.000132304299889746,0.862006615214994,"Micropolitan Statistical Area"
28860,2,"Kirksville, MO",10,10,20383,20383,0.743627412690118,0.743627412690118,0.000490604915861257,0.860619143403817,"Micropolitan Statistical Area"
28880,2,"Kiryas Joel-Poughkeepsie-Newburgh, NY",33,74,250587,838613,0.0782740042552912,0.0260367533382365,0.000131690790025021,0.0546271045166245,"Metropolitan Statistical Area"
28900,1,"Klamath Falls, OR",5,5,24812,24812,0.793862813048628,0.793862813048628,0.000201515395776237,0.88916653232307,"Micropolitan Statistical Area"
28940,9,"Knoxville, TN",33,33,379225,379225,0.28076760172003,0.28076760172003,0.0000870195794053662,0.508004482826818,"Metropolitan Statistical Area"
29020,1,"Kokomo, IN",3,14,63382,147069,0.888756964677458,0.273713891242095,0.0000473320501088637,0.405870713746609,"Metropolitan Statistical Area"
29060,1,"Laconia, NH",1,11,17025,64460,1,0.134726102307829,0.0000587371512481645,0.264117282035371,"Micropolitan Statistical Area"
29100,3,"La Crosse-Onalaska, WI-MN",24,74,113323,170019,0.256603260632685,0.118797771920671,0.000211784015601422,0.306936283591834,"Metropolitan Statistical Area"
29180,4,"Lafayette, LA",23,23,235978,235978,0.285926938037488,0.285926938037488,0.0000974667129986694,0.51602691776352,"Metropolitan Statistical Area"
29200,4,"Lafayette-West Lafayette, IN",21,71,136399,361108,0.378889562121803,0.118809853891812,0.000153960073021063,0.196160151533613,"Metropolitan Statistical Area"
29260,1,"La Grande, OR",8,8,19587,19587,0.475739482091059,0.475739482091059,0.000408434165517946,0.671772093735641,"Micropolitan Statistical Area"
29300,2,"LaGrange, GA-AL",9,9,58803,58803,0.34211565653123,0.34211565653123,0.000153053415642059,0.536554257435845,"Micropolitan Statistical Area"
29340,2,"Lake Charles, LA",11,11,132609,132609,0.407544296757813,0.407544296757813,0.0000829506292936377,0.611549743984194,"Metropolitan Statistical Area"
29380,1,"Lake City, FL",2,2,13106,13106,0.911383879985121,0.911383879985121,0.000152601861742713,0.953532733099344,"Micropolitan Statistical Area"
29420,1,"Lake Havasu City-Kingman, AZ",4,4,136858,136858,0.338003558578156,0.338003558578156,0.0000292273743588245,0.425872071782431,"Metropolitan Statistical Area"
29460,1,"Lakeland-Winter Haven, FL",17,17,294172,294172,0.209999442937151,0.209999442937151,0.0000577893205335654,0.392372489563929,"Metropolitan Statistical Area"
29470,1,"Lake of the Woods, VA",2,2,6591,6591,0.659534073131959,0.659534073131959,0.000303444090426339,0.782430587164315,"Micropolitan Statistical Area"
29540,1,"Lancaster, PA",19,60,158072,553676,0.164205955570229,0.0341606038246448,0.000120198390606812,0.103856768218236,"Metropolitan Statistical Area"
29620,3,"Lansing-East Lansing, MI",26,74,225350,483638,0.300460410684777,0.0851949482647374,0.000115376081650765,0.232992444762405,"Metropolitan Statistical Area"
29660,1,"Laramie, WY",2,2,31878,31878,0.986354508891518,0.986354508891518,0.0000627391931739758,0.99313005834745,"Micropolitan Statistical Area"
29700,1,"Laredo, TX",3,3,263059,263059,0.948554391506255,0.948554391506255,0.0000114042857305776,0.97374733424821,"Metropolitan Statistical Area"
29740,1,"Las Cruces, NM",5,5,142049,142049,0.650385914552495,0.650385914552495,0.0000351991214299291,0.794894719427803,"Metropolitan Statistical Area"
29780,2,"Las Vegas, NM",3,3,14803,14803,0.799000532148194,0.799000532148194,0.000202661622644059,0.888806323042627,"Micropolitan Statistical Area"
29820,1,"Las Vegas-Henderson-North Las Vegas, NV",5,5,1279138,1279138,0.365454161704831,0.365454161704831,0.00000390888238798316,0.505645207944725,"Metropolitan Statistical Area"
29860,2,"Laurel, MS",8,8,25257,25257,0.49618392811434,0.49618392811434,0.000316743872985707,0.677277586411688,"Micropolitan Statistical Area"
29900,1,"Laurinburg, NC",4,4,16509,16509,0.84759489682445,0.84759489682445,0.000242292083106184,0.919316736325641,"Micropolitan Statistical Area"
29940,1,"Lawrence, KS",4,13,107179,131286,0.795613352055964,0.537970083091479,0.000037320743802424,0.725560988985878,"Metropolitan Statistical Area"
29980,1,"Lawrenceburg, TN",4,4,14832,14832,0.643403576002323,0.643403576002323,0.000269687162891046,0.790587918015103,"Micropolitan Statistical Area"
30020,2,"Lawton, OK",14,14,105647,105647,0.745791588642182,0.745791588642182,0.000132516777570589,0.861879655834998,"Metropolitan Statistical Area"
30060,1,"Lebanon, MO",4,4,15969,15969,0.890895316419881,0.890895316419881,0.000250485315298391,0.942701484125493,"Micropolitan Statistical Area"
30140,1,"Lebanon, PA",8,25,47374,143434,0.359373517825775,0.074466901172246,0.000168868999873348,0.18531868315741,"Metropolitan Statistical Area"
30150,4,"Lebanon-Claremont, NH-VT",6,99,30655,226082,0.42251631953158,0.0237501671256467,0.000195726635132931,0.0663697242593395,"Micropolitan Statistical Area"
30180,1,"Le Mars, IA",11,11,17307,17307,0.401557119146793,0.401557119146793,0.000635580978794707,0.610851100710695,"Micropolitan Statistical Area"
30260,1,"Lewisburg, PA",4,14,9669,42568,0.423991390867693,0.0987429730261048,0.000413693246457752,0.173862995677504,"Micropolitan Statistical Area"
30280,1,"Lewisburg, TN",3,3,15485,15485,0.669175087831204,0.669175087831204,0.000193735873425896,0.806134969325153,"Micropolitan Statistical Area"
30300,2,"Lewiston, ID-WA",6,6,44610,44610,0.623798654316638,0.623798654316638,0.000134498991257566,0.772181125308227,"Metropolitan Statistical Area"
30340,1,"Lewiston-Auburn, ME",2,14,60650,111034,0.521525131493188,0.177276604760613,0.0000329760923330585,0.32978186861682,"Metropolitan Statistical Area"
30380,1,"Lewistown, PA",6,16,11901,46136,0.544182112291119,0.103900940303934,0.000504159314343333,0.184628056181724,"Micropolitan Statistical Area"
30420,2,"Lexington, NE",9,9,19489,19489,0.355992964909395,0.355992964909395,0.000461798963517882,0.531581918005029,"Micropolitan Statistical Area"
30460,6,"Lexington-Fayette, KY",12,12,440910,440910,0.548264329057849,0.548264329057849,0.0000272164387289923,0.729838288993219,"Metropolitan Statistical Area"
30500,2,"Lexington Park, MD",3,3,13345,13345,0.385313002864719,0.385313002864719,0.000224803297115024,0.482278006744099,"Metropolitan Statistical Area"
30580,1,"Liberal, KS",2,5,19977,22084,0.966830353680322,0.795277452598124,0.000100115132402263,0.88933164281833,"Micropolitan Statistical Area"
30620,1,"Lima, OH",9,21,52859,118661,0.487979358123494,0.137109324111811,0.000170264288011502,0.302272861344502,"Metropolitan Statistical Area"
30660,1,"Lincoln, IL",11,28,18833,46825,0.497286127287994,0.141942211589141,0.000584081134179366,0.278868126001068,"Micropolitan Statistical Area"
30700,2,"Lincoln, NE",23,23,315549,315549,0.861115636288867,0.861115636288867,0.0000728888381836101,0.927453422447861,"Metropolitan Statistical Area"
30780,6,"Little Rock-North Little Rock-Conway, AR",46,46,555875,555875,0.175192483194392,0.175192483194392,0.000082752417360018,0.363387452214976,"Metropolitan Statistical Area"
30820,1,"Lock Haven, PA",8,29,15087,37465,0.332978993374628,0.0838694353975896,0.000530257837873666,0.219911917789937,"Micropolitan Statistical Area"
30860,2,"Logan, UT-ID",25,25,138480,138480,0.18917441314648,0.18917441314648,0.00018053148469093,0.393096476025419,"Metropolitan Statistical Area"
30900,1,"Logansport, IN",5,19,21388,58951,0.739722152103525,0.205680027889546,0.000233775949130353,0.313311054943936,"Micropolitan Statistical Area"
30980,4,"Longview, TX",23,23,166835,166835,0.276571856155615,0.276571856155615,0.000137860760631762,0.49007702220757,"Metropolitan Statistical Area"
31020,1,"Longview-Kelso, WA",5,5,62542,62542,0.421899495786601,0.421899495786601,0.0000799462761024591,0.604777589459883,"Metropolitan Statistical Area"
31080,2,"Los Angeles-Long Beach-Anaheim, CA",122,122,11866079,11866079,0.113355922473805,0.113355922473805,0.0000102814080371452,0.324395025517696,"Metropolitan Statistical Area"
31140,12,"Louisville/Jefferson County, KY-IN",138,179,1191004,1462059,0.431970913726883,0.290287915067975,0.000115868628484875,0.532040088669472,"Metropolitan Statistical Area"
31180,6,"Lubbock, TX",24,24,310959,310959,0.707416984975164,0.707416984975164,0.0000771805929399053,0.839316437215196,"Metropolitan Statistical Area"
31220,1,"Ludington, MI",5,20,9717,30013,0.652656989128659,0.112387897162954,0.000514562107646393,0.257255189417919,"Micropolitan Statistical Area"
31260,1,"Lufkin, TX",6,6,46827,46827,0.552094424124533,0.552094424124533,0.000128131206355308,0.727657120891793,"Micropolitan Statistical Area"
31300,1,"Lumberton, NC",15,15,33136,33136,0.34750368183995,0.34750368183995,0.000452679864799614,0.564159826170932,"Micropolitan Statistical Area"
31340,5,"Lynchburg, VA",7,7,94291,94291,0.709420818514753,0.709420818514753,0.0000742382624004412,0.83792726771378,"Metropolitan Statistical Area"
31380,1,"Macomb, IL",10,29,20765,47593,0.545933806057478,0.21049026613557,0.000481579581025764,0.316264996953333,"Micropolitan Statistical Area"
31420,5,"Macon-Bibb County, GA",6,6,166604,166604,0.886547924406554,0.886547924406554,0.0000360135410914504,0.940925788096324,"Metropolitan Statistical Area"
31500,1,"Madison, IN",4,14,16321,49462,0.614900962136314,0.217935103422421,0.00024508302187366,0.365270308519672,"Micropolitan Statistical Area"
31540,4,"Madison, WI",57,141,552619,680383,0.251476251464658,0.16659867917992,0.000103145204924188,0.39565362450267,"Metropolitan Statistical Area"
31580,1,"Madisonville, KY",9,9,26862,26862,0.53701090871883,0.53701090871883,0.000335045789591244,0.722954359317996,"Micropolitan Statistical Area"
31620,1,"Magnolia, AR",5,5,13487,13487,0.688186206062327,0.688186206062327,0.000370727367094239,0.823385482316305,"Micropolitan Statistical Area"
31680,1,"Malvern, AR",6,6,12481,12481,0.742596648516193,0.742596648516193,0.000480730710680234,0.858825414630238,"Micropolitan Statistical Area"
31700,1,"Manchester-Nashua, NH",2,31,206586,424079,0.506939656981928,0.138906056456664,0.00000968119814508244,0.272265309057982,"Metropolitan Statistical Area"
31740,3,"Manhattan, KS",19,64,93580,150320,0.404532771395258,0.168985162768602,0.000203034836503526,0.364309473124002,"Metropolitan Statistical Area"
31820,1,"Manitowoc, WI",12,30,57737,81850,0.40343607176209,0.206222118697544,0.000207838994059269,0.422076970067196,"Micropolitan Statistical Area"
31860,2,"Mankato, MN",16,52,84705,103605,0.3301078558247,0.222109205690711,0.000188890856501977,0.431378794459727,"Metropolitan Statistical Area"
31900,1,"Mansfield, OH",9,27,74302,151828,0.441062036630528,0.128765939665932,0.000121127291324594,0.313967120689201,"Metropolitan Statistical Area"
31930,1,"Marietta, OH",7,29,22765,62098,0.437773953440671,0.0874106608110919,0.000307489567318252,0.21606170891172,"Micropolitan Statistical Area"
31940,2,"Marinette, WI-MI",12,44,28722,65939,0.253684180739621,0.0642766748421308,0.000417798203467725,0.1675487950985,"Micropolitan Statistical Area"
31980,1,"Marion, IN",10,23,45775,112038,0.409463788429204,0.127338375946056,0.000218459858001092,0.251495028472483,"Micropolitan Statistical Area"
32000,1,"Marion, NC",2,2,8467,8467,0.826018349621522,0.826018349621522,0.000236211172788473,0.903743947088697,"Micropolitan Statistical Area"
32020,1,"Marion, OH",8,23,39591,104882,0.822314090319954,0.296174759783227,0.000202066126139779,0.417450086764173,"Micropolitan Statistical Area"
32060,1,"Marion-Herrin, IL",15,15,45252,45252,0.235944556071706,0.235944556071706,0.000331477061787324,0.369972597896226,"Micropolitan Statistical Area"
32100,1,"Marquette, MI",3,22,31206,66103,0.488309817990827,0.138688170635729,0.0000961353585848875,0.308518524121447,"Micropolitan Statistical Area"
32140,1,"Marshall, MN",11,31,20247,25231,0.474094815432335,0.307518063826245,0.000543290364004544,0.540644445325195,"Micropolitan Statistical Area"
32180,1,"Marshall, MO",12,12,18020,18020,0.578780865014948,0.578780865014948,0.000665926748057714,0.749500554938957,"Micropolitan Statistical Area"
32260,1,"Marshalltown, IA",13,13,32679,32679,0.706230368132125,0.706230368132125,0.000397808990483185,0.838091740873344,"Micropolitan Statistical Area"
32280,1,"Martin, TN",5,5,17965,17965,0.393139063656959,0.393139063656959,0.000278318953520735,0.585304759254105,"Micropolitan Statistical Area"
32300,2,"Martinsville, VA",2,2,14263,14263,0.900864917460928,0.900864917460928,0.000140222954497651,0.947696837972376,"Micropolitan Statistical Area"
32340,1,"Maryville, MO",15,30,13559,34719,0.644281926723417,0.279046633866861,0.00110627627406151,0.421642328408076,"Micropolitan Statistical Area"
32380,2,"Mason City, IA",17,17,42299,42299,0.448206599729575,0.448206599729575,0.000401900754154945,0.641575450956287,"Micropolitan Statistical Area"
32390,1,"Massena-Ogdensburg, NY",11,43,43266,141338,0.18164097077556,0.0511702146737164,0.000254241205565571,0.104218256944346,"Micropolitan Statistical Area"
32460,1,"Mayfield, KY",2,2,10547,10547,0.896739718816231,0.896739718816231,0.000189627382193989,0.945387313928131,"Micropolitan Statistical Area"
32540,1,"McAlester, OK",14,14,26135,26135,0.502268541412891,0.502268541412891,0.000535680122441171,0.698067725272623,"Micropolitan Statistical Area"
32580,1,"McAllen-Edinburg-Mission, TX",22,22,625112,625112,0.127611527622077,0.127611527622077,0.0000351936932901624,0.230230742650917,"Metropolitan Statistical Area"
32620,2,"McComb, MS",5,5,17358,17358,0.521358760362308,0.521358760362308,0.000288051618850098,0.703825325498329,"Micropolitan Statistical Area"
32660,1,"McMinnville, TN",4,4,14998,14998,0.857008813781296,0.857008813781296,0.000266702226963595,0.924189891985598,"Micropolitan Statistical Area"
32700,1,"McPherson, KS",8,33,22972,35678,0.405205529377511,0.178827340688684,0.000348250043531255,0.390829082347665,"Micropolitan Statistical Area"
32740,1,"Meadville, PA",16,51,27222,83351,0.274280164289278,0.0477788267500864,0.000587759900080817,0.154155319072357,"Micropolitan Statistical Area"
32780,1,"Medford, OR",11,11,157926,157926,0.340031387355794,0.340031387355794,0.000069652875397338,0.54688271722199,"Metropolitan Statistical Area"
32820,9,"Memphis, TN-MS-AR",51,51,1068801,1068801,0.358563174109654,0.358563174109654,0.0000477170212228469,0.587693125287121,"Metropolitan Statistical Area"
32860,1,"Menomonie, WI",8,30,21355,45547,0.627279450126774,0.157785821274498,0.000374619527042847,0.368718027532,"Micropolitan Statistical Area"
32900,1,"Merced, CA",6,6,194078,194078,0.303528844679964,0.303528844679964,0.0000309154051463844,0.460165500468884,"Metropolitan Statistical Area"
32940,2,"Meridian, MS",7,7,40097,40097,0.742080855825016,0.742080855825016,0.000174576651619822,0.858518093622964,"Micropolitan Statistical Area"
33020,1,"Mexico, MO",8,8,16270,16270,0.548428376554373,0.548428376554373,0.000491702519975415,0.708236017209588,"Micropolitan Statistical Area"
33060,1,"Miami, OK",8,8,18725,18725,0.496147259630553,0.496147259630553,0.000427236315086782,0.688117489986649,"Micropolitan Statistical Area"
33100,3,"Miami-Fort Lauderdale-West Palm Beach, FL",104,104,4252054,4252054,0.0300793542106888,0.0300793542106888,0.0000244587674568573,0.103453530928817,"Metropolitan Statistical Area"
33140,1,"Michigan City-La Porte, IN",11,32,66610,179000,0.352544467331085,0.105365739583658,0.000165140369313917,0.17895530726257,"Metropolitan Statistical Area"
33180,1,"Middlesborough, KY",2,2,10935,10935,0.742223275961019,0.742223275961019,0.000182898948331047,0.8480109739369,"Micropolitan Statistical Area"
33220,1,"Midland, MI",3,19,44491,84373,0.912393500967252,0.271327452381919,0.0000674293677372952,0.503383783911915,"Metropolitan Statistical Area"
33260,2,"Midland, TX",2,2,133974,133974,0.961236916631707,0.961236916631707,0.0000149282696642632,0.980227506829683,"Metropolitan Statistical Area"
33300,1,"Milledgeville, GA",1,1,17165,17165,1,1,0.0000582580833090591,1,"Micropolitan Statistical Area"
33340,4,"Milwaukee-Waukesha, WI",63,90,1446632,1566724,0.167646594037997,0.143222627630265,0.0000435494306776015,0.363388829174762,"Metropolitan Statistical Area"
33380,1,"Minden, LA",11,11,21210,21210,0.364410247450285,0.364410247450285,0.000518623290900519,0.554879773691655,"Micropolitan Statistical Area"
33420,1,"Mineral Wells, TX",5,5,16840,16840,0.786774102775317,0.786774102775317,0.000296912114014252,0.884916864608076,"Micropolitan Statistical Area"
33460,15,"Minneapolis-St. Paul-Bloomington, MN-WI",212,371,3400027,3682342,0.0328204540378644,0.0280487296521198,0.0000623524460246933,0.115506924669137,"Metropolitan Statistical Area"
33500,3,"Minot, ND",30,155,56840,76320,0.709022129478354,0.397768209629322,0.000527797325826882,0.626166142557652,"Metropolitan Statistical Area"
33540,2,"Missoula, MT",3,3,76211,76211,0.964059199700067,0.964059199700067,0.0000393643962157694,0.981774284552099,"Metropolitan Statistical Area"
33580,3,"Mitchell, SD",10,50,18611,25566,0.709719227702618,0.379788593977021,0.000537316640696362,0.611397950402879,"Micropolitan Statistical Area"
33620,1,"Moberly, MO",8,8,16532,16532,0.71547488658762,0.71547488658762,0.00048390999274135,0.841035567384466,"Micropolitan Statistical Area"
33660,1,"Mobile, AL",11,11,249975,249975,0.559813813820626,0.559813813820626,0.000044004400440044,0.73988198819882,"Metropolitan Statistical Area"
33700,1,"Modesto, CA",9,9,441626,441626,0.295274459700651,0.295274459700651,0.000020379234918234,0.495376178032996,"Metropolitan Statistical Area"
33740,4,"Monroe, LA",19,19,89234,89234,0.319305647427512,0.319305647427512,0.00021292332518995,0.529887710962189,"Metropolitan Statistical Area"
33780,1,"Monroe, MI",8,23,33420,163592,0.409236351733249,0.0949835527072941,0.000239377618192699,0.195333512641205,"Metropolitan Statistical Area"
33860,4,"Montgomery, AL",19,19,286541,286541,0.504425977109298,0.504425977109298,0.0000663081374044203,0.693321374602587,"Metropolitan Statistical Area"
33900,1,"Monticello, IN",7,19,11463,36114,0.293405591577905,0.129394825353663,0.000610660385588415,0.274214985878053,"Micropolitan Statistical Area"
33910,1,"Monticello, NY",6,21,15734,95540,0.337992512775432,0.100034830168229,0.000381339773738401,0.176062382248273,"Micropolitan Statistical Area"
33940,1,"Montrose, CO",4,4,23595,23595,0.773154355966585,0.773154355966585,0.000169527442254715,0.875100656918839,"Micropolitan Statistical Area"
33980,1,"Morehead City, NC",11,11,31135,31135,0.168181162918499,0.168181162918499,0.000353300144531877,0.311161072747712,"Micropolitan Statistical Area"
34020,1,"Morgan City, LA",5,5,29858,29858,0.252817674187214,0.252817674187214,0.000167459307388305,0.373635206644785,"Micropolitan Statistical Area"
34060,2,"Morgantown, WV",15,15,43810,43810,0.462910009455972,0.462910009455972,0.000342387582743666,0.666948185345811,"Metropolitan Statistical Area"
34100,2,"Morristown, TN",6,6,46899,46899,0.470858150773857,0.470858150773857,0.000127934497537261,0.65624000511738,"Metropolitan Statistical Area"
34140,1,"Moscow, ID",9,9,30409,30409,0.726243275897813,0.726243275897813,0.000295965010358775,0.850077279752705,"Micropolitan Statistical Area"
34180,1,"Moses Lake, WA",14,14,55538,55538,0.265804883752319,0.265804883752319,0.000252079657171666,0.460639562101624,"Micropolitan Statistical Area"
34220,1,"Moultrie, GA",6,6,17392,17392,0.70975703836382,0.70975703836382,0.000344986200551978,0.83871895124195,"Micropolitan Statistical Area"
34260,1,"Mountain Home, AR",8,8,18145,18145,0.533196520694831,0.533196520694831,0.000440892807936071,0.716065031689171,"Micropolitan Statistical Area"
34300,1,"Mountain Home, ID",2,2,17530,17530,0.863167826713166,0.863167826713166,0.000114090131203651,0.926126640045636,"Micropolitan Statistical Area"
34340,1,"Mount Airy, NC",4,4,17437,17437,0.433487399853673,0.433487399853673,0.000229397258702759,0.605092619143201,"Micropolitan Statistical Area"
34380,1,"Mount Pleasant, MI",4,20,25060,68552,0.728444327389206,0.144834960649284,0.000159616919393456,0.309881549772436,"Micropolitan Statistical Area"
34420,3,"Mount Pleasant, TX",10,10,27762,27762,0.375210064205165,0.375210064205165,0.000360204596210648,0.5791729702471,"Micropolitan Statistical Area"
34460,3,"Mount Sterling, KY",7,7,13075,13075,0.374240572663228,0.374240572663228,0.000535372848948375,0.577055449330784,"Micropolitan Statistical Area"
34500,1,"Mount Vernon, IL",9,25,19311,56188,0.573584031293846,0.139908736197783,0.000466055615970172,0.25724353954581,"Micropolitan Statistical Area"
34540,1,"Mount Vernon, OH",7,29,24774,68132,0.490685657062701,0.0893383519193124,0.00028255429078873,0.247959842658369,"Micropolitan Statistical Area"
34580,1,"Mount Vernon-Anacortes, WA",8,8,77928,77928,0.300334216796594,0.300334216796594,0.000102658864592958,0.454316805256134,"Metropolitan Statistical Area"
34620,1,"Muncie, IN",7,18,83910,181708,0.626108320056954,0.264224331206736,0.0000834227148134906,0.359323750192617,"Metropolitan Statistical Area"
34660,1,"Murray, KY",2,2,17709,17709,0.956061305586117,0.956061305586117,0.00011293692472754,0.97752555197922,"Micropolitan Statistical Area"
34680,1,"Murrells Inlet, SC",3,3,11015,11015,0.626050211313793,0.626050211313793,0.000272355878347708,0.756513844757149,"Micropolitan Statistical Area"
34700,1,"Muscatine, IA",8,8,32305,32305,0.551240169697959,0.551240169697959,0.000247639684259403,0.726636743538152,"Micropolitan Statistical Area"
34740,1,"Muskegon-Norton Shores, MI",11,27,90480,180646,0.26840511988913,0.095075974158165,0.00012157382847038,0.207876177717746,"Metropolitan Statistical Area"
34780,1,"Muskogee, OK",13,13,46045,46045,0.648114046510634,0.648114046510634,0.000282332500814421,0.799000977304811,"Micropolitan Statistical Area"
34820,1,"Myrtle Beach-Conway-North Myrtle Beach, SC",8,8,88288,88288,0.297201592021535,0.297201592021535,0.0000906125407756433,0.420215657847046,"Metropolitan Statistical Area"
34860,1,"Nacogdoches, TX",5,5,34386,34386,0.87360049585241,0.87360049585241,0.000145408014889781,0.934042924445995,"Micropolitan Statistical Area"
34880,1,"Nantucket, MA",0,1,0,14491,0,1,NA,1,"Micropolitan Statistical Area"
34900,1,"Napa, CA",5,5,114356,114356,0.515875557612729,0.515875557612729,0.0000437231102871734,0.689233621322886,"Metropolitan Statistical Area"
34940,1,"Naples-Marco Island, FL",3,3,35708,35708,0.494421759800241,0.494421759800241,0.000084014786602442,0.542511482020836,"Metropolitan Statistical Area"
34980,14,"Nashville-Davidson--Murfreesboro--Franklin, TN",55,55,1588585,1588585,0.218205774181412,0.218205774181412,0.0000346220063767441,0.443132095544148,"Metropolitan Statistical Area"
35020,3,"Natchez, MS-LA",6,6,23261,23261,0.402707138528993,0.402707138528993,0.000257942478827222,0.594299471217918,"Micropolitan Statistical Area"
35060,1,"Natchitoches, LA",9,9,20717,20717,0.730640554092067,0.730640554092067,0.000434425833856253,0.85253656417435,"Micropolitan Statistical Area"
35100,3,"New Bern, NC",20,20,63467,63467,0.323507961700618,0.323507961700618,0.000315124395355066,0.493894464839996,"Micropolitan Statistical Area"
35140,1,"Newberry, SC",7,7,13687,13687,0.605883831992051,0.605883831992051,0.000511434207642288,0.766201505077811,"Micropolitan Statistical Area"
35220,1,"New Castle, IN",15,28,25547,74482,0.482733331559129,0.160728267940842,0.000587153090382432,0.295762734620445,"Micropolitan Statistical Area"
35300,1,"New Haven, CT",5,16,303282,570275,0.299243643066558,0.112636586054571,0.0000164863064738428,0.236869931173557,"Metropolitan Statistical Area"
35340,1,"New Iberia, LA",3,3,33357,33357,0.724423163825651,0.724423163825651,0.0000899361453368109,0.839074257277333,"Micropolitan Statistical Area"
35380,3,"New Orleans-Metairie, LA",9,9,485994,485994,0.621793996935619,0.621793996935619,0.0000185187471450265,0.775670070000864,"Metropolitan Statistical Area"
35420,1,"New Philadelphia-Dover, OH",19,41,54285,116177,0.185009850608082,0.0612573168408715,0.000350004605323754,0.15136386720263,"Micropolitan Statistical Area"
35440,1,"Newport, OR",7,7,30026,30026,0.257568006437761,0.257568006437761,0.000233131286218611,0.349563711450077,"Micropolitan Statistical Area"
35460,1,"Newport, TN",2,2,7139,7139,0.939477748016146,0.939477748016146,0.000280151281692114,0.968763132091329,"Micropolitan Statistical Area"
35580,1,"New Ulm, MN",7,23,20405,25832,0.51590690862401,0.325452490212144,0.000343053173241852,0.545679777020749,"Micropolitan Statistical Area"
35620,18,"New York-Newark-Jersey City, NY-NJ",376,547,13587249,20686896,0.390423765590455,0.171810643132942,0.0000276730042998402,0.409317714943798,"Metropolitan Statistical Area"
35660,1,"Niles, MI",17,39,47369,160785,0.142761069289573,0.0504834931380145,0.000358884502522747,0.0924402151942034,"Metropolitan Statistical Area"
35700,1,"Nogales, AZ",2,2,20559,20559,0.925831755297076,0.925831755297076,0.0000972809961574007,0.961428085023591,"Micropolitan Statistical Area"
35740,3,"Norfolk, NE",14,14,36237,36237,0.486629674941806,0.486629674941806,0.000386345448022739,0.688991914341695,"Micropolitan Statistical Area"
35820,2,"North Platte, NE",9,9,26210,26210,0.772107156691303,0.772107156691303,0.000343380389164441,0.876688286913392,"Micropolitan Statistical Area"
35840,2,"North Port-Bradenton-Sarasota, FL",9,9,242757,242757,0.228346673216665,0.228346673216665,0.0000370741111481852,0.329634160909881,"Metropolitan Statistical Area"
35900,1,"North Wilkesboro, NC",3,3,8253,8253,0.454287980259105,0.454287980259105,0.000363504180298073,0.513631406761178,"Micropolitan Statistical Area"
35940,1,"Norwalk, OH",8,27,37953,68106,0.281567370960352,0.100554643259257,0.000210787026058546,0.249831145567204,"Micropolitan Statistical Area"
35980,1,"Norwich-New London-Willimantic, CT",6,24,81879,299193,0.367618992560783,0.075211070446397,0.0000732788627120507,0.133739759954277,"Metropolitan Statistical Area"
36020,1,"Oak Harbor, WA",3,3,27816,27816,0.795739010489987,0.795739010489987,0.000107851596203624,0.888301696865114,"Micropolitan Statistical Area"
36100,1,"Ocala, FL",5,5,72582,72582,0.786559915866155,0.786559915866155,0.0000688876029869665,0.88308396021052,"Metropolitan Statistical Area"
36180,1,"Ocean Pines, MD",4,4,18477,18477,0.283751689065746,0.283751689065746,0.000216485360177518,0.373437246306219,"Micropolitan Statistical Area"
36220,1,"Odessa, TX",2,2,112711,112711,0.995962438714335,0.995962438714335,0.0000177444969878716,0.997977127343383,"Metropolitan Statistical Area"
36260,3,"Ogden, UT",31,31,619425,619425,0.0663707960789799,0.0663707960789799,0.0000500464140129959,0.140126730435485,"Metropolitan Statistical Area"
36340,1,"Oil City, PA",11,31,24076,49943,0.261337878354475,0.0866142587460503,0.000456886526000997,0.190136755901728,"Micropolitan Statistical Area"
36380,1,"Okeechobee, FL",1,1,5347,5347,1,1,0.000187020759304283,1,"Micropolitan Statistical Area"
36420,7,"Oklahoma City, OK",77,77,1308343,1308343,0.297621737107599,0.297621737107599,0.0000588530683467562,0.525645797776271,"Metropolitan Statistical Area"
36460,1,"Olean, NY",11,43,30289,85482,0.262305449437022,0.053650784546627,0.000363168146851992,0.161273718443649,"Micropolitan Statistical Area"
36500,1,"Olympia-Lacey-Tumwater, WA",7,7,151973,151973,0.298143428623424,0.298143428623424,0.0000460608134339652,0.367953518059129,"Metropolitan Statistical Area"
36540,7,"Omaha, NE-IA",78,107,740525,771565,0.449653416290758,0.414313271477466,0.000105330677559839,0.631573490243855,"Metropolitan Statistical Area"
36580,1,"Oneonta, NY",10,34,19491,65106,0.431947222846796,0.0660693736510311,0.00051305730850136,0.192117469972046,"Micropolitan Statistical Area"
36620,2,"Ontario, OR-ID",8,8,33427,33427,0.236198745700249,0.236198745700249,0.000239327489753792,0.347802674484698,"Micropolitan Statistical Area"
36660,1,"Opelousas, LA",12,12,35337,35337,0.276683749111636,0.276683749111636,0.000339587401307411,0.440275065795059,"Micropolitan Statistical Area"
36700,1,"Orangeburg, SC",17,17,19664,19664,0.416297495027942,0.416297495027942,0.000864524003254679,0.634764035801465,"Micropolitan Statistical Area"
36740,4,"Orlando-Kissimmee-Sanford, FL",36,36,1120010,1120010,0.10337651972068,0.10337651972068,0.0000321425701556236,0.276027892608102,"Metropolitan Statistical Area"
36780,1,"Oshkosh-Neenah, WI",6,21,137348,173136,0.312751846048061,0.200835539049763,0.0000436846550368407,0.384709130394603,"Metropolitan Statistical Area"
36820,1,"Oskaloosa, IA",9,9,14967,14967,0.605445460782524,0.605445460782524,0.000601322910402886,0.770762343823077,"Micropolitan Statistical Area"
36830,1,"Othello, WA",5,5,11281,11281,0.626187499872801,0.626187499872801,0.000443223118517862,0.774665366545519,"Micropolitan Statistical Area"
36837,3,"Ottawa, IL",52,118,106545,253959,0.0791720072284953,0.0294404612412009,0.000488056689661645,0.0738268775668513,"Micropolitan Statistical Area"
36840,1,"Ottawa, KS",8,24,16923,30305,0.572259220464561,0.197389403082629,0.00047272942149737,0.415904966177198,"Micropolitan Statistical Area"
36900,1,"Ottumwa, IA",7,7,28223,28223,0.809324133094517,0.809324133094517,0.000248024660737696,0.898203592814371,"Micropolitan Statistical Area"
36940,1,"Owatonna, MN",4,17,30378,37349,0.761747982400488,0.506776047457277,0.000131674237935348,0.706792685212456,"Micropolitan Statistical Area"
36980,2,"Owensboro, KY",6,6,63368,63368,0.897521981044636,0.897521981044636,0.0000946850145183689,0.947023734376973,"Metropolitan Statistical Area"
37020,1,"Owosso, MI",11,27,28502,71635,0.301595696994964,0.0752426922642227,0.000385937828924286,0.204313533887066,"Micropolitan Statistical Area"
37060,2,"Oxford, MS",6,6,31766,31766,0.704202721318612,0.704202721318612,0.000188881193729144,0.832021658376881,"Micropolitan Statistical Area"
37100,1,"Oxnard-Thousand Oaks-Ventura, CA",10,10,746923,746923,0.165953963762488,0.165953963762488,0.0000133882609050732,0.270280872325528,"Metropolitan Statistical Area"
37120,1,"Ozark, AL",10,10,27564,27564,0.317224226607484,0.317224226607484,0.000362792047598317,0.519264257727471,"Micropolitan Statistical Area"
37140,5,"Paducah, KY-IL",15,15,38396,38396,0.494625502550168,0.494625502550168,0.000390665694343161,0.684394207729972,"Metropolitan Statistical Area"
37260,1,"Palatka, FL",5,5,15144,15144,0.508135449604557,0.508135449604557,0.000330163761225568,0.694136291600634,"Micropolitan Statistical Area"
37300,1,"Palestine, TX",3,3,21147,21147,0.793074113122609,0.793074113122609,0.000141864094197759,0.886934316924386,"Micropolitan Statistical Area"
37340,1,"Palm Bay-Melbourne-Titusville, FL",16,16,389650,389650,0.178997340781454,0.178997340781454,0.000041062491979982,0.315519055562684,"Metropolitan Statistical Area"
37420,2,"Pampa, TX",4,4,18061,18061,0.83464687267467,0.83464687267467,0.000221471679309008,0.912131111234151,"Micropolitan Statistical Area"
37460,2,"Panama City-Panama City Beach, FL",12,12,103226,103226,0.199461914543291,0.199461914543291,0.000116249782031659,0.329810319105652,"Metropolitan Statistical Area"
37500,1,"Paragould, AR",5,5,32755,32755,0.836377073223325,0.836377073223325,0.000152648450618226,0.913020912837735,"Micropolitan Statistical Area"
37540,1,"Paris, TN",4,4,11556,11556,0.806012688105334,0.806012688105334,0.000346140533056421,0.894859813084112,"Micropolitan Statistical Area"
37580,2,"Paris, TX",12,12,35722,35722,0.485819867566799,0.485819867566799,0.000335927439673031,0.683248418341638,"Micropolitan Statistical Area"
37620,2,"Parkersburg-Vienna, WV",5,5,44494,44494,0.498285034854362,0.498285034854362,0.000112374702207039,0.660830673798714,"Metropolitan Statistical Area"
37740,1,"Payson, AZ",6,6,28566,28566,0.408343209728507,0.408343209728507,0.000210039907582441,0.578169852271932,"Micropolitan Statistical Area"
37800,1,"Pella, IA",9,9,21744,21744,0.363036976258893,0.363036976258893,0.000413907284768212,0.48537527593819,"Micropolitan Statistical Area"
37860,2,"Pensacola-Ferry Pass-Brent, FL",5,5,72943,72943,0.570802386549806,0.570802386549806,0.0000685466734299384,0.735889667274447,"Metropolitan Statistical Area"
37900,5,"Peoria, IL",58,133,284768,645608,0.182207558737184,0.0655313535297573,0.000203674570176424,0.172962540736794,"Metropolitan Statistical Area"
37940,1,"Peru, IN",6,20,14081,50162,0.634088943966947,0.132648404250568,0.000426106100419004,0.221402655396515,"Micropolitan Statistical Area"
37950,1,"Petoskey, MI",4,20,8773,35808,0.490786141416633,0.0946005420828472,0.000455944374786276,0.183338918677391,"Micropolitan Statistical Area"
37980,10,"Philadelphia-Camden-Wilmington, PA-NJ-DE-MD",163,373,2628113,5729305,0.362784601834999,0.0790554826508135,0.0000620216862821348,0.275120804355851,"Metropolitan Statistical Area"
38060,2,"Phoenix-Mesa-Chandler, AZ",33,33,4406705,4406705,0.170575849825164,0.170575849825164,0.0000074885884124306,0.368658442078605,"Metropolitan Statistical Area"
38100,1,"Picayune, MS",2,2,14606,14606,0.688242330488715,0.688242330488715,0.000136930028755306,0.806791729426263,"Micropolitan Statistical Area"
38180,2,"Pierre, SD",4,5,16601,16631,0.728608849098567,0.725985856742026,0.000240949340401181,0.841801455113944,"Micropolitan Statistical Area"
38210,2,"Pikeville, KY",8,8,15636,15636,0.306077011934532,0.306077011934532,0.000511639805576874,0.468598106932719,"Micropolitan Statistical Area"
38220,2,"Pine Bluff, AR",8,8,49510,49510,0.674937566499504,0.674937566499504,0.000161583518481115,0.812845889719249,"Micropolitan Statistical Area"
38240,1,"Pinehurst-Southern Pines, NC",11,11,56832,56832,0.217403832005173,0.217403832005173,0.000193552927927928,0.317057291666667,"Metropolitan Statistical Area"
38260,1,"Pittsburg, KS",10,19,29945,42014,0.502472701037225,0.271698611779829,0.0003339455668726,0.49359737230447,"Micropolitan Statistical Area"
38300,8,"Pittsburgh, PA",265,483,1170175,2439023,0.0725127255673738,0.019927842776971,0.000226461853996197,0.123176780210765,"Metropolitan Statistical Area"
38340,1,"Pittsfield, MA",2,32,56521,128657,0.648098694333721,0.145479688299775,0.0000353850781125599,0.339204240733112,"Metropolitan Statistical Area"
38380,2,"Plainview, TX",7,7,29761,29761,0.464888336509869,0.464888336509869,0.000235207150297369,0.66325056281711,"Micropolitan Statistical Area"
38420,1,"Platteville, WI",19,52,32616,52527,0.17302200604996,0.0729347953508262,0.000582536178562669,0.223961010527919,"Micropolitan Statistical Area"
38460,1,"Plattsburgh, NY",4,18,26705,86392,0.580949811158349,0.102812638997683,0.000149784684516008,0.230449578664691,"Micropolitan Statistical Area"
38500,1,"Plymouth, IN",6,16,20124,66245,0.338473640925763,0.120686117943407,0.000298151460942159,0.237753792739075,"Micropolitan Statistical Area"
38540,1,"Pocatello, ID",7,7,75849,75849,0.610521617496777,0.610521617496777,0.0000922886260860394,0.752706034357737,"Metropolitan Statistical Area"
38620,1,"Ponca City, OK",7,7,36275,36275,0.491140622047771,0.491140622047771,0.000192970365265334,0.672584424534804,"Micropolitan Statistical Area"
38700,1,"Pontiac, IL",14,44,25023,60687,0.260357456313832,0.100329139580366,0.000559485273548336,0.206732908201097,"Micropolitan Statistical Area"
38740,1,"Poplar Bluff, MO",4,4,17237,17237,0.878701765986798,0.878701765986798,0.000232058942971515,0.936647908568776,"Micropolitan Statistical Area"
38820,1,"Port Angeles, WA",3,3,31760,31760,0.48057045243292,0.48057045243292,0.0000944584382871536,0.633942065491184,"Micropolitan Statistical Area"
38860,3,"Portland-South Portland, ME",7,67,190039,556893,0.202749159060423,0.0359102946058149,0.0000368345444882366,0.12266808884292,"Metropolitan Statistical Area"
38900,7,"Portland-Vancouver-Hillsboro, OR-WA",58,58,1775481,1775481,0.157847628040136,0.157847628040136,0.0000326672039858495,0.361120169689228,"Metropolitan Statistical Area"
38920,1,"Port Lavaca, TX",3,3,12841,12841,0.776893539931926,0.776893539931926,0.000233626664589985,0.876800872206214,"Micropolitan Statistical Area"
38940,2,"Port St. Lucie, FL",8,8,293442,293442,0.580316796664512,0.580316796664512,0.0000272626277083717,0.741281070876016,"Metropolitan Statistical Area"
39020,1,"Portsmouth, OH",5,21,21198,74248,0.734788984440024,0.103338658534749,0.00023587130861402,0.242619329813598,"Micropolitan Statistical Area"
39040,1,"Port Townsend, WA",1,1,10306,10306,1,1,0.0000970308558121483,1,"Micropolitan Statistical Area"
39060,1,"Pottsville, PA",31,67,71626,143264,0.0730522101814391,0.0286128192818178,0.000432803730488929,0.0931287692651329,"Micropolitan Statistical Area"
39150,1,"Prescott Valley-Prescott, AZ",9,9,152517,152517,0.220922779577155,0.220922779577155,0.0000590098152992781,0.315951664404624,"Metropolitan Statistical Area"
39220,1,"Price, UT",5,5,13520,13520,0.424716090122895,0.424716090122895,0.000369822485207101,0.61146449704142,"Micropolitan Statistical Area"
39300,5,"Providence-Warwick, RI-MA",13,59,900182,1675774,0.106438787021844,0.0367492860986267,0.0000144415240473593,0.113196648235383,"Metropolitan Statistical Area"
39340,2,"Provo-Orem-Lehi, UT",29,29,684176,684176,0.0881240837327644,0.0881240837327644,0.000042386754285447,0.166746568134515,"Metropolitan Statistical Area"
39380,1,"Pueblo, CO",3,3,112881,112881,0.990942162643133,0.990942162643133,0.000026576660376857,0.995455391075557,"Metropolitan Statistical Area"
39420,1,"Pullman, WA",16,16,41959,41959,0.618570913496813,0.618570913496813,0.00038132462642103,0.782358969470197,"Micropolitan Statistical Area"
39460,1,"Punta Gorda, FL",1,1,19981,19981,1,1,0.0000500475451679095,1,"Metropolitan Statistical Area"
39480,1,"Putnam, CT",1,16,4160,95280,1,0.103719015050254,0.000240384615384615,0.186209068010076,"Micropolitan Statistical Area"
39500,2,"Quincy, IL-MO",20,43,50715,115669,0.60050192549218,0.234401615082496,0.000394360642807848,0.338301532822104,"Micropolitan Statistical Area"
39540,1,"Racine-Mount Pleasant, WI",13,17,171707,196809,0.258367286708651,0.200896212003489,0.0000757103670788028,0.391887566117403,"Metropolitan Statistical Area"
39580,3,"Raleigh-Cary, NC",27,27,1025563,1025563,0.251776244349145,0.251776244349145,0.00002632700282674,0.457430699040429,"Metropolitan Statistical Area"
39660,3,"Rapid City, SD",17,45,105185,105939,0.544295663849465,0.536577853791299,0.000161620002852118,0.719130820566552,"Metropolitan Statistical Area"
39700,1,"Raymondville, TX",3,3,13251,13251,0.658504577971829,0.658504577971829,0.000226398007697532,0.793147686967021,"Micropolitan Statistical Area"
39740,1,"Reading, PA",28,72,174652,429318,0.307132194230859,0.0675346698353491,0.000160318805395873,0.220917827810621,"Metropolitan Statistical Area"
39780,1,"Red Bluff, CA",3,3,23221,23221,0.519973078782526,0.519973078782526,0.000129193402523578,0.628224452004651,"Micropolitan Statistical Area"
39820,1,"Redding, CA",3,3,115271,115271,0.67533325143958,0.67533325143958,0.0000260256265669596,0.810802370067059,"Metropolitan Statistical Area"
39860,1,"Red Wing, MN",9,30,33296,48014,0.301821937735088,0.150424636200398,0.000270302739067756,0.349127337859791,"Micropolitan Statistical Area"
39900,2,"Reno, NV",4,4,405321,405321,0.516777156100639,0.516777156100639,0.0000098687213344485,0.663303899871953,"Metropolitan Statistical Area"
39940,2,"Rexburg, ID",10,10,44266,44266,0.64752144115616,0.64752144115616,0.000225907016671938,0.797451768851941,"Micropolitan Statistical Area"
39960,1,"Rice Lake, WI",10,35,21758,46772,0.229507168327575,0.0649614270482912,0.000459601066274474,0.191118617976567,"Micropolitan Statistical Area"
39980,1,"Richmond, IN",14,29,45265,111721,0.633471727773101,0.239732386577074,0.000309289738208329,0.357802024686496,"Micropolitan Statistical Area"
40060,8,"Richmond, VA",10,10,315678,315678,0.535957391933201,0.535957391933201,0.0000316778489473451,0.717832728286418,"Metropolitan Statistical Area"
40080,3,"Richmond-Berea, KY",7,7,58249,58249,0.455314399505529,0.455314399505529,0.000120173736888187,0.613847448024859,"Micropolitan Statistical Area"
40090,2,"Rifle, CO",9,9,47219,47219,0.15958651654212,0.15958651654212,0.000190601241025858,0.22274931701222,"Micropolitan Statistical Area"
40100,1,"Rio Grande City-Roma, TX",4,4,30951,30951,0.402906970861436,0.402906970861436,0.000129236535168492,0.506284126522568,"Micropolitan Statistical Area"
40140,2,"Riverside-San Bernardino-Ontario, CA",52,52,3950885,3950885,0.0330747800133019,0.0330747800133019,0.0000131616080954014,0.0803012489606759,"Metropolitan Statistical Area"
40180,1,"Riverton, WY",6,6,20212,20212,0.417150801934875,0.417150801934875,0.000296853354442905,0.523797743914506,"Micropolitan Statistical Area"
40220,6,"Roanoke, VA",9,9,139943,139943,0.536595543187263,0.536595543187263,0.0000643118984157836,0.706466204097382,"Metropolitan Statistical Area"
40260,2,"Roanoke Rapids, NC",16,16,26250,26250,0.350085706303855,0.350085706303855,0.000609523809523809,0.576304761904762,"Micropolitan Statistical Area"
40300,1,"Rochelle, IL",13,37,29580,81029,0.159704924612824,0.0670815713096153,0.0004394861392833,0.163225511853781,"Micropolitan Statistical Area"
40340,4,"Rochester, MN",36,106,180796,227162,0.458361941132389,0.291516706838498,0.000199119449545344,0.53470650901119,"Metropolitan Statistical Area"
40380,5,"Rochester, NY",40,117,347215,1167742,0.374522725716374,0.0528855308164379,0.000115202396209841,0.180353194455625,"Metropolitan Statistical Area"
40420,2,"Rockford, IL",16,39,263035,599313,0.344027234717511,0.156027257193895,0.0000608284068660064,0.282525157972545,"Metropolitan Statistical Area"
40460,1,"Rockingham, NC",6,6,17127,17127,0.406487718992971,0.406487718992971,0.000350324049746015,0.527296082209377,"Micropolitan Statistical Area"
40540,1,"Rock Springs, WY",6,6,35348,35348,0.538551358516583,0.538551358516583,0.00016974086228358,0.656218173588322,"Micropolitan Statistical Area"
40580,2,"Rocky Mount, NC",18,18,83408,83408,0.442317402387434,0.442317402387434,0.000215806637253021,0.646904373681182,"Metropolitan Statistical Area"
40620,1,"Rolla, MO",5,5,25198,25198,0.663677995224248,0.663677995224248,0.000198428446702119,0.798833240733392,"Micropolitan Statistical Area"
40660,1,"Rome, GA",2,2,38938,38938,0.940648745219002,0.940648745219002,0.0000513637064050542,0.969387230982588,"Metropolitan Statistical Area"
40700,1,"Roseburg, OR",12,12,52997,52997,0.253938300140263,0.253938300140263,0.000226427911013831,0.449666962280884,"Micropolitan Statistical Area"
40740,1,"Roswell, NM",4,4,50512,50512,0.906944042043369,0.906944042043369,0.0000791891035793475,0.951872822299652,"Micropolitan Statistical Area"
40760,1,"Ruidoso, NM",5,5,12924,12924,0.420912819759754,0.420912819759754,0.000386877127824203,0.601129681213247,"Micropolitan Statistical Area"
40770,1,"Russellville, AL",5,5,15549,15549,0.528148964153126,0.528148964153126,0.000321564087722683,0.693870988488006,"Micropolitan Statistical Area"
40780,2,"Russellville, AR",13,13,46585,46585,0.418094458814018,0.418094458814018,0.000279059783192015,0.629773532252871,"Micropolitan Statistical Area"
40820,1,"Ruston, LA",6,6,30535,30535,0.562939928676016,0.562939928676016,0.00019649582446373,0.729556246929753,"Micropolitan Statistical Area"
40860,1,"Rutland, VT",2,29,16941,61681,0.879597619186072,0.0958618389450356,0.000118056785313736,0.256983511940468,"Micropolitan Statistical Area"
40900,4,"Sacramento-Roseville-Folsom, CA",19,19,1499047,1499047,0.16554700994629,0.16554700994629,0.000012674719338353,0.350249858743588,"Metropolitan Statistical Area"
40940,1,"Safford, AZ",3,3,18484,18484,0.415876050131216,0.415876050131216,0.000162302531919498,0.555561566760441,"Micropolitan Statistical Area"
40980,1,"Saginaw, MI",8,35,57515,196538,0.594117423294789,0.111406673060318,0.000139094149352343,0.22313242222878,"Metropolitan Statistical Area"
41060,2,"St. Cloud, MN",33,79,155411,206446,0.22908440978902,0.131834357460291,0.00021234018184041,0.333346250351181,"Metropolitan Statistical Area"
41100,1,"St. George, UT",15,15,183439,183439,0.345205769619012,0.345205769619012,0.0000817710519573264,0.544911387436696,"Metropolitan Statistical Area"
41140,4,"St. Joseph, MO-KS",29,47,88963,107532,0.652720299370985,0.450286157546181,0.000325978215662691,0.665866904735335,"Metropolitan Statistical Area"
41180,15,"St. Louis, MO-IL",270,375,1951509,2530443,0.0344323583830141,0.0221560603735542,0.000138354473384442,0.115912510181024,"Metropolitan Statistical Area"
41260,1,"St. Marys, PA",3,12,19053,30783,0.501970720039027,0.220580687455816,0.000157455518815934,0.411590813111133,"Micropolitan Statistical Area"
41400,1,"Salem, OH",13,31,44299,132667,0.166636905596053,0.0575133752701685,0.000293460348992077,0.122117783623659,"Micropolitan Statistical Area"
41420,2,"Salem, OR",23,23,327538,327538,0.322317329053119,0.322317329053119,0.0000702208598696945,0.542602690374857,"Metropolitan Statistical Area"
41460,2,"Salina, KS",11,49,51097,62394,0.829330816121356,0.557839602906299,0.000215276826428166,0.744959451229285,"Micropolitan Statistical Area"
41500,1,"Salinas, CA",12,12,333221,333221,0.273774937924815,0.273774937924815,0.0000360121360898623,0.488537637183731,"Metropolitan Statistical Area"
41540,2,"Salisbury, MD",10,10,53089,53089,0.409743363663232,0.409743363663232,0.000188362937708376,0.620279153873684,"Metropolitan Statistical Area"
41620,2,"Salt Lake City-Murray, UT",30,30,1234990,1234990,0.0753896678295048,0.0753896678295048,0.0000242916946695925,0.162331678799019,"Metropolitan Statistical Area"
41660,2,"San Angelo, TX",2,2,100438,100438,0.98476509860863,0.98476509860863,0.0000199127820147753,0.992323622533304,"Metropolitan Statistical Area"
41700,8,"San Antonio-New Braunfels, TX",54,54,1907709,1907709,0.583752035325286,0.583752035325286,0.0000283062039336188,0.761045316659931,"Metropolitan Statistical Area"
41740,1,"San Diego-Chula Vista-Carlsbad, CA",18,18,2773433,2773433,0.273015917772635,0.273015917772635,0.00000649015137556956,0.498159140675113,"Metropolitan Statistical Area"
41760,1,"Sandpoint, ID",9,9,15248,15248,0.380678449288655,0.380678449288655,0.000590241343126968,0.590438090241343,"Micropolitan Statistical Area"
41780,2,"Sandusky, OH",16,37,59858,139186,0.231313704811233,0.06733073830596,0.000267299274950717,0.177877085339043,"Metropolitan Statistical Area"
41820,1,"Sanford, NC",2,2,31967,31967,0.922606195866722,0.922606195866722,0.0000625645196609003,0.95967716707855,"Micropolitan Statistical Area"
41860,5,"San Francisco-Oakland-Fremont, CA",65,65,4169262,4169262,0.0636911369264011,0.0636911369264011,0.0000155902891207125,0.195526450484522,"Metropolitan Statistical Area"
41940,2,"San Jose-Sunnyvale-Santa Clara, CA",17,17,1845560,1845560,0.305192573039469,0.305192573039469,0.00000921129630030993,0.532894622770324,"Metropolitan Statistical Area"
42020,1,"San Luis Obispo-Paso Robles, CA",7,7,158994,158994,0.1912522790421,0.1912522790421,0.0000440268186220864,0.299036441626728,"Metropolitan Statistical Area"
42100,1,"Santa Cruz-Watsonville, CA",4,4,136095,136095,0.366882405737567,0.366882405737567,0.0000293912340644403,0.455196737573019,"Metropolitan Statistical Area"
42140,1,"Santa Fe, NM",2,2,94347,94347,0.878054602678027,0.878054602678027,0.0000211983422896329,0.934772700774799,"Metropolitan Statistical Area"
42200,1,"Santa Maria-Santa Barbara, CA",8,8,307535,307535,0.244611221054325,0.244611221054325,0.0000260132992992667,0.356743134927732,"Metropolitan Statistical Area"
42220,1,"Santa Rosa-Petaluma, CA",9,9,352610,352610,0.304972760342156,0.304972760342156,0.0000255239499730581,0.501795184481438,"Metropolitan Statistical Area"
42300,1,"Sault Ste. Marie, MI",2,18,13673,37079,0.962269992250212,0.179272103321247,0.000146273678051635,0.36166023894927,"Micropolitan Statistical Area"
42340,3,"Savannah, GA",13,13,241437,241437,0.395945788509355,0.395945788509355,0.0000538442740756388,0.609218968095197,"Metropolitan Statistical Area"
42380,1,"Sayre, PA",14,51,18047,59892,0.167886862857915,0.0346814073654223,0.000775752202582147,0.0909303412809724,"Micropolitan Statistical Area"
42420,1,"Scottsbluff, NE",10,10,27508,27508,0.370096454709097,0.370096454709097,0.000363530609277301,0.519194416169842,"Micropolitan Statistical Area"
42460,1,"Scottsboro, AL",13,13,25456,25456,0.397045350382869,0.397045350382869,0.000510685103708359,0.614393463230673,"Micropolitan Statistical Area"
42540,3,"Scranton--Wilkes-Barre, PA",64,139,361997,567750,0.0759963491528524,0.0341324737318372,0.000176797045279381,0.133639806252752,"Metropolitan Statistical Area"
42580,1,"Seaford, DE",25,25,66858,66858,0.0902368423033325,0.0902368423033325,0.000373926829997906,0.183553202309372,"Micropolitan Statistical Area"
42620,1,"Searcy, AR",16,16,41530,41530,0.359891058419267,0.359891058419267,0.000385263664820612,0.556176258126655,"Micropolitan Statistical Area"
42660,3,"Seattle-Tacoma-Bellevue, WA",78,78,2967053,2967053,0.0821443324475549,0.0821443324475549,0.0000262887113914042,0.247356215072666,"Metropolitan Statistical Area"
42680,1,"Sebastian-Vero Beach-West Vero Corridor, FL",5,5,52186,52186,0.360958202228597,0.360958202228597,0.0000958111370865749,0.492526731307247,"Metropolitan Statistical Area"
42700,1,"Sebring, FL",3,3,23350,23350,0.41378201743325,0.41378201743325,0.00012847965738758,0.474817987152034,"Metropolitan Statistical Area"
42740,1,"Sedalia, MO",6,6,24159,24159,0.817619285383335,0.817619285383335,0.00024835465044083,0.902727761910675,"Micropolitan Statistical Area"
42780,1,"Selinsgrove, PA",6,21,11133,39621,0.318375831140543,0.0689316151023617,0.000538938291565616,0.144897907675223,"Micropolitan Statistical Area"
42820,1,"Selma, AL",3,3,21849,21849,0.685618821603266,0.685618821603266,0.000137306055197034,0.806673074282576,"Micropolitan Statistical Area"
42860,1,"Seneca, SC",5,5,15855,15855,0.404642009077654,0.404642009077654,0.000315357931251971,0.561337117628508,"Micropolitan Statistical Area"
42900,1,"Seneca Falls, NY",4,14,6299,39987,0.610963933852422,0.126355819811544,0.000635021431973329,0.222722384775052,"Micropolitan Statistical Area"
42940,1,"Sevierville, TN",4,4,29227,29227,0.471829143417168,0.471829143417168,0.000136859752968146,0.638519177472885,"Micropolitan Statistical Area"
42980,1,"Seymour, IN",4,16,26590,72657,0.669381533774966,0.205688398117201,0.000150432493418578,0.317491776428974,"Micropolitan Statistical Area"
43020,2,"Shawano, WI",11,37,15265,44925,0.387789270223218,0.0719001147339798,0.000720602685882738,0.205765164162493,"Micropolitan Statistical Area"
43060,1,"Shawnee, OK",14,14,50532,50532,0.419447235769052,0.419447235769052,0.000277052164964775,0.624871368637695,"Micropolitan Statistical Area"
43100,1,"Sheboygan, WI",13,28,82297,117747,0.394672439641392,0.202065028709694,0.000157964445848573,0.424053266749896,"Metropolitan Statistical Area"
43140,1,"Shelby-Kings Mountain, NC",15,15,44050,44050,0.327803735565173,0.327803735565173,0.000340522133938706,0.498229284903519,"Micropolitan Statistical Area"
43180,1,"Shelbyville, TN",4,4,24920,24920,0.908766502245388,0.908766502245388,0.000160513643659711,0.95276886035313,"Micropolitan Statistical Area"
43220,1,"Shelton, WA",1,1,10763,10763,1,1,0.000092910898448388,1,"Micropolitan Statistical Area"
43260,1,"Sheridan, WY",4,4,21152,21152,0.819278162378039,0.819278162378039,0.00018910741301059,0.902751512859304,"Micropolitan Statistical Area"
43300,1,"Sherman-Denison, TX",16,16,97461,97461,0.287432624739105,0.287432624739105,0.000164168231395122,0.460420065462082,"Metropolitan Statistical Area"
43320,1,"Show Low, AZ",6,6,40337,40337,0.197240228785254,0.197240228785254,0.000148746808141409,0.29667550883804,"Micropolitan Statistical Area"
43340,3,"Shreveport-Bossier City, LA",23,23,275821,275821,0.498195869089203,0.498195869089203,0.0000833874143013041,0.66717545074523,"Metropolitan Statistical Area"
43380,1,"Sidney, OH",9,23,27432,75409,0.565822401878,0.158488242357282,0.000328083989501312,0.270803219774828,"Micropolitan Statistical Area"
43420,1,"Sierra Vista-Douglas, AZ",7,7,78394,78394,0.391893821194099,0.391893821194099,0.0000892925478990739,0.580133683700283,"Metropolitan Statistical Area"
43460,2,"Sikeston, MO",20,20,37570,37570,0.23135273990193,0.23135273990193,0.000532339632685653,0.429464998669151,"Micropolitan Statistical Area"
43500,1,"Silver City, NM",4,4,14528,14528,0.475070669019508,0.475070669019508,0.000275330396475771,0.659278634361233,"Micropolitan Statistical Area"
43580,3,"Sioux City, IA-NE-SD",25,37,122813,131286,0.502277164451645,0.440983683580245,0.000203561512217762,0.652141127005164,"Metropolitan Statistical Area"
43620,5,"Sioux Falls, SD-MN",40,125,256258,291410,0.592707343319782,0.458758424198188,0.000156092687838038,0.674403761023987,"Metropolitan Statistical Area"
43640,1,"Slidell-Mandeville-Covington, LA",8,8,60631,60631,0.310437664139055,0.310437664139055,0.000131945704342663,0.472662499381505,"Metropolitan Statistical Area"
43660,1,"Snyder, TX",1,1,11264,11264,1,1,0.0000887784090909091,1,"Micropolitan Statistical Area"
43700,1,"Somerset, KY",5,5,14520,14520,0.686376376461839,0.686376376461839,0.00034435261707989,0.823278236914601,"Micropolitan Statistical Area"
43740,1,"Somerset, PA",25,50,23128,73639,0.122800481665149,0.0590228377022505,0.00108094085091664,0.164220046442782,"Micropolitan Statistical Area"
43760,1,"Sonora, CA",1,1,5004,5004,1,1,0.000199840127897682,1,"Micropolitan Statistical Area"
43780,2,"South Bend-Mishawaka, IN-MI",14,42,174536,492568,0.43814508778355,0.120526545478293,0.0000802126781867351,0.209824836367771,"Metropolitan Statistical Area"
43890,1,"Sparta, WI",10,34,23336,46193,0.355070760413022,0.105604539289645,0.00042852245457662,0.215876864459983,"Micropolitan Statistical Area"
43900,2,"Spartanburg, SC",17,17,79609,79609,0.261504207373209,0.261504207373209,0.000213543694808376,0.482370083784497,"Metropolitan Statistical Area"
43940,1,"Spearfish, SD",5,6,17525,17855,0.533349241047536,0.514158067716376,0.000285306704707561,0.692131055726687,"Micropolitan Statistical Area"
43980,1,"Spencer, IA",10,10,13310,13310,0.731816121488337,0.731816121488337,0.000751314800901578,0.853193087903832,"Micropolitan Statistical Area"
44020,1,"Spirit Lake, IA",10,10,13524,13524,0.243355191568031,0.243355191568031,0.000739426205264715,0.400769003253475,"Micropolitan Statistical Area"
44060,2,"Spokane-Spokane Valley, WA",19,19,394230,394230,0.413172380317532,0.413172380317532,0.0000481952159906654,0.581059280115669,"Metropolitan Statistical Area"
44100,2,"Springfield, IL",30,56,168495,363229,0.463876518815426,0.19807448003076,0.000178046826315321,0.312183223255852,"Metropolitan Statistical Area"
44140,1,"Springfield, MA",7,23,357978,462718,0.24873616865688,0.155276050106797,0.0000195542742850119,0.334521241879503,"Metropolitan Statistical Area"
44180,5,"Springfield, MO",33,33,294902,294902,0.351303633647543,0.351303633647543,0.000111901580864151,0.57552678516931,"Metropolitan Statistical Area"
44220,1,"Springfield, OH",9,19,70131,147001,0.710221581445659,0.201261640699541,0.000128331265774051,0.399745579962041,"Metropolitan Statistical Area"
44260,2,"Starkville, MS",7,7,28806,28806,0.739011654812497,0.739011654812497,0.00024300492952857,0.855967506769423,"Micropolitan Statistical Area"
44300,1,"State College, PA",10,35,53770,157527,0.557451940671681,0.105310158179232,0.000185977310768086,0.250909367917881,"Metropolitan Statistical Area"
44340,2,"Statesboro, GA",8,8,39902,39902,0.707879861020133,0.707879861020133,0.000200491203448449,0.837025712996842,"Micropolitan Statistical Area"
44420,3,"Staunton-Stuarts Draft, VA",3,3,49114,49114,0.484127391529468,0.484127391529468,0.0000610823797695158,0.522478315755182,"Metropolitan Statistical Area"
44460,2,"Steamboat Springs, CO",6,6,25846,25846,0.39607713061649,0.39607713061649,0.000232144238953803,0.518068559931904,"Micropolitan Statistical Area"
44500,1,"Stephenville, TX",2,2,24632,24632,0.760105759046632,0.760105759046632,0.0000811951932445599,0.860628450795713,"Micropolitan Statistical Area"
44540,1,"Sterling, CO",6,6,15026,15026,0.837708998621299,0.837708998621299,0.000399307866364967,0.914348462664714,"Micropolitan Statistical Area"
44580,1,"Sterling, IL",11,33,36858,92163,0.24341857714864,0.0949396548228808,0.000298442671875848,0.1868537265497,"Micropolitan Statistical Area"
44620,1,"Stevens Point-Plover, WI",10,27,44485,70468,0.430850064837921,0.183890261567641,0.000224794874676857,0.364591020037464,"Micropolitan Statistical Area"
44660,1,"Stillwater, OK",6,6,61581,61581,0.631914316260761,0.631914316260761,0.0000974326496809081,0.781637193290138,"Micropolitan Statistical Area"
44700,1,"Stockton-Lodi, CA",7,7,624942,624942,0.322565847610471,0.322565847610471,0.0000112010394564616,0.515439832816485,"Metropolitan Statistical Area"
44740,1,"Storm Lake, IA",10,10,17023,17023,0.460541632584068,0.460541632584068,0.000587440521647183,0.661223051166069,"Micropolitan Statistical Area"
44780,1,"Sturgis, MI",8,24,26889,68669,0.271557324755537,0.0680711287710703,0.000297519431737885,0.160552796749625,"Micropolitan Statistical Area"
44860,1,"Sulphur Springs, TX",4,4,17749,17749,0.815694534704344,0.815694534704344,0.00022536480928503,0.901177531128514,"Micropolitan Statistical Area"
44900,1,"Summerville, GA",4,4,7295,7295,0.444370443481198,0.444370443481198,0.000548320767649075,0.603152844413982,"Micropolitan Statistical Area"
44940,1,"Sumter, SC",3,3,44027,44027,0.953111977336372,0.953111977336372,0.0000681400049969337,0.976128284916074,"Metropolitan Statistical Area"
44980,2,"Sunbury, PA",15,47,46361,109353,0.124422772671957,0.0420181786246025,0.000323547809581329,0.0918218978903185,"Micropolitan Statistical Area"
45000,1,"Susanville, CA",1,1,16315,16315,1,1,0.0000612932883849219,1,"Micropolitan Statistical Area"
45020,1,"Sweetwater, TX",3,3,12011,12011,0.77729112562922,0.77729112562922,0.00024977104321039,0.875280992423612,"Micropolitan Statistical Area"
45060,3,"Syracuse, NY",38,94,263906,736468,0.318667031944266,0.0609488148112937,0.000143990663342251,0.198383364925564,"Metropolitan Statistical Area"
45140,1,"Tahlequah, OK",2,2,16960,16960,0.943108987017177,0.943108987017177,0.000117924528301887,0.970695754716981,"Micropolitan Statistical Area"
45180,2,"Talladega-Sylacauga, AL",12,12,43978,43978,0.244679005232175,0.244679005232175,0.000272863704579563,0.355200327436445,"Micropolitan Statistical Area"
45220,4,"Tallahassee, FL",10,10,218690,218690,0.814380531862287,0.814380531862287,0.0000457268279299465,0.901284923864831,"Metropolitan Statistical Area"
45300,4,"Tampa-St. Petersburg-Clearwater, FL",35,35,1194072,1194072,0.172515805079428,0.172515805079428,0.0000293114653052747,0.324142932754474,"Metropolitan Statistical Area"
45340,1,"Taos, NM",4,4,8948,8948,0.584525272827516,0.584525272827516,0.000447027268663388,0.737036209208762,"Micropolitan Statistical Area"
45380,1,"Taylorville, IL",13,30,23278,56940,0.276260839031718,0.108374078346941,0.000558467222269954,0.20762205830699,"Micropolitan Statistical Area"
45460,4,"Terre Haute, IN",25,62,90772,259275,0.430577179752069,0.101416200825751,0.000275415326312079,0.225725580946871,"Metropolitan Statistical Area"
45500,3,"Texarkana, TX-AR",18,18,93550,93550,0.257942923253199,0.257942923253199,0.000192410475681454,0.385002672367718,"Metropolitan Statistical Area"
45520,1,"The Dalles, OR",6,6,17641,17641,0.829627215904753,0.829627215904753,0.000340116773425543,0.909415566010997,"Micropolitan Statistical Area"
45580,1,"Thomaston, GA",2,2,10150,10150,0.926287383823922,0.926287383823922,0.000197044334975369,0.961674876847291,"Micropolitan Statistical Area"
45620,2,"Thomasville, GA",9,9,33625,33625,0.406859998507483,0.406859998507483,0.000267657992565056,0.561100371747212,"Micropolitan Statistical Area"
45660,1,"Tiffin, OH",8,23,35285,62641,0.395521356502525,0.1403867651163,0.000226725237352983,0.284813460832362,"Micropolitan Statistical Area"
45700,2,"Tifton, GA",6,6,24341,24341,0.535927924474337,0.535927924474337,0.000246497678813525,0.708064582391849,"Micropolitan Statistical Area"
45740,1,"Toccoa, GA",3,3,9764,9764,0.887290254848509,0.887290254848509,0.000307251126587464,0.941007783695207,"Micropolitan Statistical Area"
45780,3,"Toledo, OH",42,84,447391,670018,0.37424651038306,0.176475153994448,0.0000938776148827312,0.40074744260602,"Metropolitan Statistical Area"
45820,5,"Topeka, KS",38,91,152736,243336,0.681723678766798,0.277015023570643,0.000248795306934842,0.517650491501463,"Metropolitan Statistical Area"
45860,1,"Torrington, CT",3,23,37315,114231,0.899254493950943,0.129769055844889,0.0000803966233418196,0.309521933625723,"Micropolitan Statistical Area"
45880,1,"Town of Pecos, TX",3,3,13132,13132,0.932256253868381,0.932256253868381,0.00022844958879074,0.965047212915017,"Micropolitan Statistical Area"
45900,4,"Traverse City, MI",14,62,24522,162376,0.419200424904535,0.0472701592460743,0.000570915912242068,0.121588165738779,"Metropolitan Statistical Area"
45940,1,"Trenton-Princeton, NJ",5,12,131889,385898,0.527827967538588,0.150121028728469,0.0000379106673035659,0.237381380572068,"Metropolitan Statistical Area"
45980,1,"Troy, AL",4,4,20104,20104,0.778034171571655,0.778034171571655,0.000198965380023876,0.875895344210107,"Micropolitan Statistical Area"
46020,1,"Truckee-Grass Valley, CA",3,3,34036,34036,0.426095244482759,0.426095244482759,0.0000881419673287108,0.504407098366435,"Micropolitan Statistical Area"
46060,1,"Tucson, AZ",5,5,685938,685938,0.641191161514812,0.641191161514812,0.00000728928853628171,0.791969536605349,"Metropolitan Statistical Area"
46100,2,"Tullahoma-Manchester, TN",3,3,39933,39933,0.395417499856296,0.395417499856296,0.000075125835774923,0.517491798762928,"Micropolitan Statistical Area"
46140,7,"Tulsa, OK",73,73,807991,807991,0.287903739185592,0.287903739185592,0.0000903475409998379,0.509165324861292,"Metropolitan Statistical Area"
46180,3,"Tupelo, MS",13,13,68181,68181,0.336096491545621,0.336096491545621,0.000190668954694123,0.552455962804887,"Micropolitan Statistical Area"
46220,4,"Tuscaloosa, AL",23,23,159064,159064,0.440600563847343,0.440600563847343,0.000144595885932706,0.632562993512045,"Metropolitan Statistical Area"
46300,2,"Twin Falls, ID",11,11,80982,80982,0.464209500152197,0.464209500152197,0.000135832654170062,0.65709663875923,"Metropolitan Statistical Area"
46340,1,"Tyler, TX",10,10,134046,134046,0.647626392039513,0.647626392039513,0.0000746012562851558,0.799665786371842,"Metropolitan Statistical Area"
46380,1,"Ukiah, CA",4,4,29137,29137,0.416175980325045,0.416175980325045,0.000137282493050074,0.574115385935409,"Micropolitan Statistical Area"
46460,1,"Union City, TN",8,8,16968,16968,0.45701964493277,0.45701964493277,0.000471475719000471,0.65458510136728,"Micropolitan Statistical Area"
46500,1,"Urbana, OH",7,19,17242,55941,0.447946426532751,0.126705390036958,0.000405985384526157,0.253391966536172,"Micropolitan Statistical Area"
46520,1,"Urban Honolulu, HI",1,1,963826,963826,1,1,0.00000103753167065425,1,"Metropolitan Statistical Area"
46540,2,"Utica-Rome, NY",30,75,152730,341894,0.231236072930745,0.0603884392195263,0.000196425063838146,0.18865788811737,"Metropolitan Statistical Area"
46620,1,"Uvalde, TX",2,2,16713,16713,0.84639999670061,0.84639999670061,0.000119667324836953,0.916173038951714,"Micropolitan Statistical Area"
46660,3,"Valdosta, GA",8,8,69720,69720,0.643478251173697,0.643478251173697,0.000114744693057946,0.797002294893861,"Metropolitan Statistical Area"
46700,1,"Vallejo, CA",7,7,432844,432844,0.227297768636204,0.227297768636204,0.0000161721081960244,0.288524272024101,"Metropolitan Statistical Area"
46780,1,"Van Wert, OH",9,21,14231,42963,0.611593179052357,0.157277146331646,0.000632422176937671,0.256942019877569,"Micropolitan Statistical Area"
46820,1,"Vermillion, SD",2,14,12145,14958,0.945111079736564,0.627023437609082,0.00016467682173734,0.789009225832331,"Micropolitan Statistical Area"
46860,1,"Vernal, UT",3,3,13736,13736,0.59187471740168,0.59187471740168,0.000218404193360513,0.745559114735003,"Micropolitan Statistical Area"
46900,1,"Vernon, TX",1,1,10045,10045,1,1,0.0000995520159283225,1,"Micropolitan Statistical Area"
46980,1,"Vicksburg, MS",1,1,20904,20904,1,1,0.0000478377344048986,1,"Micropolitan Statistical Area"
47020,2,"Victoria, TX",2,2,67001,67001,0.952698115950048,0.952698115950048,0.00002985030074178,0.975761555797675,"Metropolitan Statistical Area"
47080,2,"Vidalia, GA",9,9,18636,18636,0.394622229390654,0.394622229390654,0.000482936252414681,0.574694140373471,"Micropolitan Statistical Area"
47180,1,"Vincennes, IN",9,19,22354,58310,0.573750188002307,0.232491025662782,0.000402612507828577,0.372509003601441,"Micropolitan Statistical Area"
47220,1,"Vineland, NJ",4,14,115849,153627,0.388362199355031,0.228806545985964,0.0000345277041666307,0.3980810664792,"Metropolitan Statistical Area"
47240,1,"Vineyard Haven, MA",0,7,0,21097,0,0.218472571733178,NA,0.259373370621415,"Micropolitan Statistical Area"
47260,12,"Virginia Beach-Chesapeake-Norfolk, VA-NC",15,15,1501107,1501107,0.177615013113027,0.177615013113027,0.00000999262544242349,0.30488965809899,"Metropolitan Statistical Area"
47300,1,"Visalia, CA",8,8,342505,342505,0.25953266327361,0.25953266327361,0.0000233573232507555,0.417447920468314,"Metropolitan Statistical Area"
47340,1,"Wabash, IN",5,12,17364,48180,0.455872221922397,0.1722174809388,0.000287952084773094,0.286612702366127,"Micropolitan Statistical Area"
47380,3,"Waco, TX",30,30,232492,232492,0.374937578204091,0.374937578204091,0.000129036698036922,0.600424960858868,"Metropolitan Statistical Area"
47420,2,"Wahpeton, ND-MN",22,80,15990,23151,0.300039486843129,0.145480872868941,0.00137585991244528,0.343095330655263,"Micropolitan Statistical Area"
47460,1,"Walla Walla, WA",4,4,45393,45393,0.606809737009823,0.606809737009823,0.0000881193135505474,0.747405987707356,"Metropolitan Statistical Area"
47540,1,"Wapakoneta, OH",8,22,27932,74073,0.243815138579733,0.104251420944539,0.000286409852498926,0.195941841156697,"Micropolitan Statistical Area"
47580,2,"Warner Robins, GA",5,5,126420,126420,0.456720936414507,0.456720936414507,0.0000395507040025312,0.644249327638032,"Metropolitan Statistical Area"
47620,1,"Warren, PA",6,27,12694,38134,0.554456762664683,0.0932792652632081,0.000472664250827162,0.242513242775476,"Micropolitan Statistical Area"
47660,1,"Warrensburg, MO",7,7,25868,25868,0.59583241705119,0.59583241705119,0.000270604608009896,0.759161898871192,"Micropolitan Statistical Area"
47700,1,"Warsaw, IN",13,30,31098,111204,0.30356089345737,0.114463966912913,0.000418033314039488,0.263614618179202,"Micropolitan Statistical Area"
47780,1,"Washington, IN",7,17,15590,48987,0.609734772664341,0.190948536928673,0.000449005772931366,0.326903055912793,"Micropolitan Statistical Area"
47820,1,"Washington, NC",7,7,13082,13082,0.567577984278999,0.567577984278999,0.000535086378229629,0.741859042959792,"Micropolitan Statistical Area"
47900,20,"Washington-Arlington-Alexandria, DC-VA-MD-WV",94,94,1688516,1688516,0.176842904248076,0.176842904248076,0.0000556701861279372,0.396827746968344,"Metropolitan Statistical Area"
47920,1,"Washington Court House, OH",5,15,16762,31172,0.756121051302099,0.248829198814593,0.000298293759694547,0.465032721673297,"Micropolitan Statistical Area"
47930,1,"Waterbury-Shelton, CT",6,19,278468,449929,0.25592402793637,0.112277933604762,0.0000215464613528305,0.252953243734011,"Metropolitan Statistical Area"
47940,3,"Waterloo-Cedar Falls, IA",26,26,146513,146513,0.292616115587303,0.292616115587303,0.000177458655545924,0.456894610034604,"Metropolitan Statistical Area"
47980,1,"Watertown, SD",6,23,23766,28427,0.914516464701362,0.641627003671251,0.000252461499621308,0.799310514651564,"Micropolitan Statistical Area"
48020,1,"Watertown-Fort Atkinson, WI",8,24,58788,89844,0.233851183278747,0.110261987564826,0.000136082193644962,0.254719291215885,"Micropolitan Statistical Area"
48060,1,"Watertown-Fort Drum, NY",20,42,44389,136109,0.321988386847495,0.0829982492864919,0.000450562076190047,0.185557163743764,"Metropolitan Statistical Area"
48140,1,"Wausau, WI",16,56,87061,135431,0.258183576933985,0.112581822714881,0.000183779189304051,0.292215223988599,"Metropolitan Statistical Area"
48180,2,"Waycross, GA",4,4,18511,18511,0.591280001444943,0.591280001444943,0.000216087731619037,0.743287774836584,"Micropolitan Statistical Area"
48200,1,"Waynesville, NC",4,4,17672,17672,0.409504592871952,0.409504592871952,0.000226346763241286,0.575939339067451,"Micropolitan Statistical Area"
48220,2,"Weatherford, OK",16,16,30197,30197,0.25059521139089,0.25059521139089,0.00052985395900255,0.396728151803159,"Micropolitan Statistical Area"
48260,3,"Weirton-Steubenville, WV-OH",26,40,65960,112787,0.17339055341992,0.0791167120242239,0.00039417828987265,0.166801138429074,"Metropolitan Statistical Area"
48300,2,"Wenatchee-East Wenatchee, WA",10,10,65956,65956,0.345041905276565,0.345041905276565,0.000151616229001152,0.53679725877858,"Metropolitan Statistical Area"
48460,1,"West Plains, MO",4,4,17024,17024,0.549951463093678,0.549951463093678,0.000234962406015038,0.714873120300752,"Micropolitan Statistical Area"
48540,3,"Wheeling, WV-OH",24,40,74372,140221,0.162756815888465,0.07341427693452,0.000322702092185231,0.189472332960113,"Metropolitan Statistical Area"
48580,1,"Whitewater-Elkhorn, WI",12,28,66132,109814,0.124265118315667,0.0573133472194761,0.000181455271275631,0.130684612162384,"Micropolitan Statistical Area"
48620,4,"Wichita, KS",50,150,577787,770192,0.475214393148413,0.27026110663364,0.0000865370802735264,0.51376669713526,"Metropolitan Statistical Area"
48660,3,"Wichita Falls, TX",18,18,133706,133706,0.603689292618417,0.603689292618417,0.000134623726683918,0.770257131317966,"Metropolitan Statistical Area"
48680,1,"Wildwood-The Villages, FL",5,5,21969,21969,0.589842606356043,0.589842606356043,0.000227593427101825,0.752879056852838,"Metropolitan Statistical Area"
48700,1,"Williamsport, PA",10,52,50878,113605,0.330201017589751,0.0851643978838287,0.00019654860647038,0.242973460675146,"Metropolitan Statistical Area"
48780,1,"Williston, ND",8,60,30580,38284,0.804005103426623,0.516730913104587,0.00026160889470242,0.713927489290565,"Micropolitan Statistical Area"
48820,1,"Willmar, MN",12,36,27429,43769,0.596169552146007,0.245328036349987,0.00043749316416931,0.480819758276406,"Micropolitan Statistical Area"
48900,3,"Wilmington, NC",29,29,213186,213186,0.326797001012998,0.326797001012998,0.00013603144671789,0.551832671939058,"Metropolitan Statistical Area"
48940,1,"Wilmington, OH",8,21,21830,51332,0.382500616411034,0.102830160360612,0.000366468163078333,0.243551780565729,"Micropolitan Statistical Area"
48980,1,"Wilson, NC",7,7,52067,52067,0.841766885595275,0.841766885595275,0.000134442161061709,0.916722684233776,"Micropolitan Statistical Area"
49010,1,"Winchester, TN",5,5,16840,16840,0.373055952065267,0.373055952065267,0.000296912114014252,0.566864608076009,"Micropolitan Statistical Area"
49020,3,"Winchester, VA-WV",5,5,33730,33730,0.704003553093228,0.704003553093228,0.000148235991698784,0.8341535724874,"Metropolitan Statistical Area"
49080,1,"Winnemucca, NV",1,1,8603,8603,1,1,0.000116238521446007,1,"Micropolitan Statistical Area"
49100,1,"Winona, MN",11,30,38451,49533,0.480914121981737,0.293042441473518,0.000286078385477621,0.524175801990592,"Micropolitan Statistical Area"
49180,5,"Winston-Salem, NC",23,23,406326,406326,0.395808368391954,0.395808368391954,0.0000566047951644738,0.616057057633526,"Metropolitan Statistical Area"
49220,1,"Wisconsin Rapids-Marshfield, WI",12,34,46415,74857,0.332927269123785,0.145770417349847,0.000258537110847786,0.251345899515075,"Micropolitan Statistical Area"
49260,1,"Woodward, OK",5,5,13664,13664,0.778850780645838,0.778850780645838,0.000365925058548009,0.878073770491803,"Micropolitan Statistical Area"
49300,1,"Wooster, OH",15,31,55741,139660,0.273958026162168,0.0715336147365847,0.00026910173839723,0.191543749104969,"Micropolitan Statistical Area"
49340,1,"Worcester, MA",5,60,330111,862029,0.429524629756208,0.0736735489396156,0.0000151464204464559,0.238875954289241,"Metropolitan Statistical Area"
49380,1,"Worthington, MN",11,31,17485,21991,0.624072406848339,0.396799933125461,0.000629110666285387,0.624164430903551,"Micropolitan Statistical Area"
49420,1,"Yakima, WA",14,14,168243,168243,0.352272046896362,0.352272046896362,0.0000832129717135334,0.574038741582116,"Metropolitan Statistical Area"
49460,1,"Yankton, SD",6,15,16349,18866,0.894198095497104,0.674611733008873,0.000366994923236895,0.819092547439839,"Micropolitan Statistical Area"
49620,1,"York-Hanover, PA",37,72,123326,458696,0.162708411411153,0.0361531387149244,0.000300017838898529,0.0977422955508659,"Metropolitan Statistical Area"
49660,2,"Youngstown-Warren, OH",21,59,189975,479886,0.165636696456881,0.049668200322723,0.000110540860639558,0.125592328177942,"Metropolitan Statistical Area"
49700,2,"Yuba City, CA",4,4,95272,95272,0.561454545863342,0.561454545863342,0.0000419850533210177,0.729868166932572,"Metropolitan Statistical Area"
49740,1,"Yuma, AZ",4,4,151184,151184,0.482643751573427,0.482643751573427,0.0000264578262249974,0.642217430415917,"Metropolitan Statistical Area"
49780,1,"Zanesville, OH",10,35,34723,96410,0.52098225674341,0.0957477844192659,0.000287993548944504,0.256415309615185,"Micropolitan Statistical Area"
