CSAFP,CBSAFP,GEOID,GEOIDFQ,NAME,NAMELSAD,LSAD,MEMI,MTFCC,ALAND,AWATER,INTPTLAT,INTPTLON,stream_length_meters,stream_length_miles,area_m2
,37340,37340,310M700US37340,"Palm Bay-Melbourne-Titusville, FL","Palm Bay-Melbourne-Titusville, FL Metro Area",M1,1,G3110,2628767922,1403935646,+28.2983112,-080.7003334,68860.44152825131,42.788000999323515,4032709627.284725
488,34900,34900,310M700US34900,"Napa, CA","Napa, CA Metro Area",M1,1,G3110,1947608460,104442635,+38.5070999,-122.3259045,168948.17418786147,104.97978934709973,2052051306.5985749
294,35220,35220,310M700US35220,"New Castle, IN","New Castle, IN Micro Area",M2,2,G3110,1014957932,7652085,+39.9295911,-085.3973629,153261.44197854423,95.2324816251036,1022610000.2331791
,19700,19700,310M700US19700,"Deming, NM","Deming, NM Micro Area",M2,2,G3110,7679773818,433660,+32.1845231,-107.7471911,0.0,0.0,7680207470.11338
428,20100,20100,310M700US20100,"Dover, DE","Dover, DE Metro Area",M1,1,G3110,1517891101,549776917,+39.0970884,-075.5029819,253783.28771791645,157.69401600526703,2067668239.919232
288,20900,20900,310M700US20900,"El Campo, TX","El Campo, TX Micro Area",M2,2,G3110,2813099005,21306092,+29.2784805,-096.2296745,420813.9360575855,261.48230706847875,2834404954.2691865
,25740,25740,310M700US25740,"Helena, MT","Helena, MT Metro Area",M1,1,G3110,16336962760,226240564,+46.7157522,-112.1351552,2138340.7439348837,1328.7066399486025,16563204633.000742
,29540,29540,310M700US29540,"Lancaster, PA","Lancaster, PA Metro Area",M1,1,G3110,2444751650,103368817,+40.0419921,-076.2501980,524380.7504659859,325.83590196352907,2548120463.5874596
490,29720,29720,310M700US29720,"Lares, PR","Lares, PR Micro Area",M2,2,G3110,159165870,485277,+18.2769246,-066.8695875,44629.30208260186,27.73143156983724,159651137.93615496
238,29740,29740,310M700US29740,"Las Cruces, NM","Las Cruces, NM Metro Area",M1,1,G3110,9863137491,17594316,+32.3499190,-106.8349684,140342.5408069475,87.20502864960015,9880730743.112268
400,29980,29980,310M700US29980,"Lawrenceburg, TN","Lawrenceburg, TN Micro Area",M2,2,G3110,1598359116,2218403,+35.2204764,-087.3965460,302154.3090682913,187.75044991629568,1600577585.6295996
,30060,30060,310M700US30060,"Lebanon, MO","Lebanon, MO Micro Area",M2,2,G3110,1980522177,8720826,+37.6596977,-092.5948430,168714.91932068608,104.83485113194607,1989243138.734242
,30150,30150,310M700US30150,"Lebanon-Claremont, NH-VT","Lebanon-Claremont, NH-VT Micro Area",M2,2,G3110,10107806473,174717453,+43.7857256,-072.1591415,1765628.2680042174,1097.1132687960392,10282524528.915775
,30300,30300,310M700US30300,"Lewiston, ID-WA","Lewiston, ID-WA Metro Area",M1,1,G3110,3844567744,32544610,+46.2516957,-116.9250166,494350.4623902763,307.17589967954336,3877112860.505688
336,30460,30460,310M700US30460,"Lexington-Fayette, KY","Lexington-Fayette, KY Metro Area",M1,1,G3110,3807196411,37041509,+38.1028763,-084.4385451,877079.2955868088,544.9931621576602,3844238105.032238
548,30500,30500,310M700US30500,"Lexington Park, MD","Lexington Park, MD Metro Area",M1,1,G3110,1480898943,1392242766,+38.3126957,-076.5279346,142338.369354573,88.44518209612201,2873141946.0225835
558,30820,30820,310M700US30820,"Lock Haven, PA","Lock Haven, PA Micro Area",M2,2,G3110,2304129980,23182058,+41.2395075,-077.6290090,372414.09160870535,231.4079632698531,2327312560.9878397
105,31060,31060,310M700US31060,"Los Alamos, NM","Los Alamos, NM Micro Area",M2,2,G3110,282626746,208105,+35.8700469,-106.3079679,11843.936551096613,7.359499267461576,282834896.84689784
350,31140,31140,310M700US31140,"Louisville/Jefferson County, KY-IN","Louisville/Jefferson County, KY-IN Metro Area",M1,1,G3110,10258517055,204993947,+38.2243628,-085.7019893,1722212.549079451,1070.1359247141381,10463511336.831299
352,31180,31180,310M700US31180,"Lubbock, TX","Lubbock, TX Metro Area",M1,1,G3110,13635250532,29028929,+33.4664357,-101.8833475,131228.9220233469,81.54207440525117,13664280097.18518
,31380,31380,310M700US31380,"Macomb, IL","Macomb, IL Micro Area",M2,2,G3110,1526291866,2060301,+40.4558082,-090.6789543,209413.07847112764,130.1235776598653,1528352156.1852686
356,31420,31420,310M700US31420,"Macon-Bibb County, GA","Macon-Bibb County, GA Metro Area",M1,1,G3110,4464077595,36495719,+32.8562163,-083.7143050,605875.6762945359,376.4746270486882,4500573548.384346
,31500,31500,310M700US31500,"Madison, IN","Madison, IN Micro Area",M2,2,G3110,934205472,5991420,+38.7836039,-085.4400900,147031.38797278545,91.36129591806919,940196893.2807889
,31620,31620,310M700US31620,"Magnolia, AR","Magnolia, AR Micro Area",M2,2,G3110,1984098877,1985830,+33.2230377,-093.2328433,249421.2396034994,154.98355823101357,1986084807.225112
,31740,31740,310M700US31740,"Manhattan, KS","Manhattan, KS Metro Area",M1,1,G3110,4752750163,137896683,+39.2684241,-096.5622422,630953.5424146357,392.0573293490721,4890647105.323367
430,26860,26860,310M700US26860,"Indiana, PA","Indiana, PA Micro Area",M2,2,G3110,2142939379,18085569,+40.6514319,-079.0875451,323631.4210004765,201.09574173293186,2161025003.037126
288,26420,26420,310M700US26420,"Houston-Pasadena-The Woodlands, TX","Houston-Pasadena-The Woodlands, TX Metro Area",M1,1,G3110,22892689726,3193013039,+29.8010046,-095.3426200,3201962.7532860218,1989.6123586600854,26085699388.20938
306,27780,27780,310M700US27780,"Johnstown, PA","Johnstown, PA Metro Area",M1,1,G3110,1781816299,13645124,+40.5102089,-078.7104876,285599.72775928327,177.46388442422563,1795461432.7742221
176,28100,28100,310M700US28100,"Kankakee, IL","Kankakee, IL Metro Area",M1,1,G3110,1752101320,12459008,+41.1395105,-087.8611165,266762.60296080966,165.75900863758415,1764560365.868001
,28660,28660,310M700US28660,"Killeen-Temple, TX","Killeen-Temple, TX Metro Area",M1,1,G3110,7300170415,108954450,+31.2027301,-097.7896384,634142.9451083655,394.03913722915325,7409125491.723962
279,29860,29860,310M700US29860,"Laurel, MS","Laurel, MS Micro Area",M2,2,G3110,3551275197,15812537,+31.8254653,-089.1480537,406422.777478219,252.5400334784564,3567087840.1724024
146,30260,30260,310M700US30260,"Lewisburg, PA","Lewisburg, PA Micro Area",M2,2,G3110,818323669,4611409,+40.9621790,-077.0554751,143946.45328984153,89.44440161174242,822934880.7019293
440,31020,31020,310M700US31020,"Longview-Kelso, WA","Longview-Kelso, WA Metro Area",M1,1,G3110,2955632728,65381492,+46.1967854,-122.6784596,382440.50383173284,237.63810247165475,3021014739.877202
,15260,15260,310M700US15260,"Brunswick-St. Simons, GA","Brunswick-St. Simons, GA Metro Area",M1,1,G3110,3351988457,808600381,+31.3017391,-081.5889087,226065.84921888608,140.47115539220184,4160588910.7727675
161,15460,15460,310M700US15460,"Burlington, IA-IL","Burlington, IA-IL Micro Area",M2,2,G3110,2058838010,77907871,+40.8638225,-091.0699761,216154.79771427842,134.3126981957066,2136745941.215534
163,15980,15980,310M700US15980,"Cape Coral-Fort Myers, FL","Cape Coral-Fort Myers, FL Metro Area",M1,1,G3110,2023252433,1900134174,+26.5632731,-081.9841817,77288.94173628122,48.02524123944053,3923385828.1068354
,16260,16260,310M700US16260,"Cedar City, UT","Cedar City, UT Micro Area",M2,2,G3110,8537032444,11390957,+37.9093044,-113.3067405,148531.76758158652,92.29359090160347,8548424271.849728
,16940,16940,310M700US16940,"Cheyenne, WY","Cheyenne, WY Metro Area",M1,1,G3110,6956355027,4348084,+41.2928302,-104.6603950,417650.4766924326,259.5166196654732,6960703703.508195
174,17420,17420,310M700US17420,"Cleveland, TN","Cleveland, TN Metro Area",M1,1,G3110,1977111867,26866021,+35.1381174,-084.6550787,317652.2352383354,197.38043871297265,2003977989.5212758
434,17620,17620,310M700US17620,"Coamo, PR","Coamo, PR Micro Area",M2,2,G3110,290291001,111085269,+18.0287089,-066.3697631,69568.02977448072,43.22767704430432,401376389.1291376
371,18340,18340,310M700US18340,"Corbin, KY","Corbin, KY Micro Area",M2,2,G3110,4473560675,52942601,+36.9859162,-083.9660657,806993.1250740773,501.4435265848592,4526503692.460791
318,36660,36660,310M700US36660,"Opelousas, LA","Opelousas, LA Micro Area",M2,2,G3110,2391536701,40700812,+30.5834409,-091.9892745,438916.6838789485,272.7308610231204,2432237751.153971
422,36740,36740,310M700US36740,"Orlando-Kissimmee-Sanford, FL","Orlando-Kissimmee-Sanford, FL Metro Area",M1,1,G3110,9049181372,1340590627,+28.4343977,-081.3560597,614724.0037371292,381.972736486466,10389772470.492037
118,36780,36780,310M700US36780,"Oshkosh-Neenah, WI","Oshkosh-Neenah, WI Metro Area",M1,1,G3110,1125861111,372630362,+44.0857068,-088.6681488,87117.92719258278,54.13270483091378,1498491778.4412353
218,36820,36820,310M700US36820,"Oskaloosa, IA","Oskaloosa, IA Micro Area",M2,2,G3110,1478496996,6594320,+41.3307973,-092.6363661,241586.5982305457,150.11532568043154,1485091349.7312512
378,36940,36940,310M700US36940,"Owatonna, MN","Owatonna, MN Micro Area",M2,2,G3110,1112626770,6972355,+44.0151810,-093.2360652,119920.35195152253,74.51523727212556,1119599160.662076
,36980,36980,310M700US36980,"Owensboro, KY","Owensboro, KY Metro Area",M1,1,G3110,1841281376,56419865,+37.6643749,-087.1473864,232926.34381393317,144.73407969349745,1897701334.5898
,37060,37060,310M700US37060,"Oxford, MS","Oxford, MS Micro Area",M2,2,G3110,2846003184,195246033,+34.2210619,-089.5846025,223654.91858529867,138.97306882653677,3041249390.1680984
318,29180,29180,310M700US29180,"Lafayette, LA","Lafayette, LA Metro Area",M1,1,G3110,7339214180,1144313836,+30.0129611,-092.1365518,936474.2776876076,581.8995847288998,8483526504.563703
422,29460,29460,310M700US29460,"Lakeland-Winter Haven, FL","Lakeland-Winter Haven, FL Metro Area",M1,1,G3110,4658004648,548938965,+27.9548539,-081.6943014,282161.6516460729,175.3275576609498,5206944158.080722
246,29900,29900,310M700US29900,"Laurinburg, NC","Laurinburg, NC Micro Area",M2,2,G3110,826569986,3842049,+34.8400226,-079.4773366,169980.03681112753,105.62096064916521,830412037.2244308
,14140,14140,310M700US14140,"Bluefield, WV-VA","Bluefield, WV-VA Micro Area",M2,2,G3110,2428769271,7362475,+37.2484625,-081.3593755,500981.59396994684,311.2963040562882,2436132001.2084894
147,14260,14260,310M700US14260,"Boise City, ID","Boise City, ID Metro Area",M1,1,G3110,30475469561,170870166,+43.0066485,-116.1419089,2830581.4115240523,1758.8461179887734,30646342648.864563
294,37940,37940,310M700US37940,"Peru, IN","Peru, IN Micro Area",M2,2,G3110,968246957,9184623,+40.7728055,-086.0442438,143596.07183476147,89.22668412812799,977431592.6627839
,38340,38340,310M700US38340,"Pittsfield, MA","Pittsfield, MA Metro Area",M1,1,G3110,2400592149,50709117,+42.3714930,-073.2179276,527764.1124218748,327.9382308411366,2451301226.2808332
462,40340,40340,310M700US40340,"Rochester, MN","Rochester, MN Metro Area",M1,1,G3110,6415927702,74852538,+43.9498104,-092.3306605,913604.5923240767,567.6889857482425,6490780397.774024
538,34780,34780,310M700US34780,"Muskogee, OK","Muskogee, OK Micro Area",M2,2,G3110,2099556315,76069746,+35.6175506,-095.3839106,224277.38785885688,139.35985426252805,2175626125.042396
500,36500,36500,310M700US36500,"Olympia-Lacey-Tumwater, WA","Olympia-Lacey-Tumwater, WA Metro Area",M1,1,G3110,1871300040,133584564,+46.9358216,-122.8301524,265215.0066403125,164.79737447668765,2004884742.6220167
,18900,18900,310M700US18900,"Crossville, TN","Crossville, TN Micro Area",M2,2,G3110,1764581464,9092132,+35.9523984,-084.9947614,299317.54183979804,185.98776010028834,1773673705.1240022
,20220,20220,310M700US20220,"Dubuque, IA","Dubuque, IA Metro Area",M1,1,G3110,1575486166,21140740,+42.4634808,-090.8787708,168399.92898029002,104.63912472211591,1596627018.8406363
,20820,20820,310M700US20820,"Effingham, IL","Effingham, IL Micro Area",M2,2,G3110,2135997555,5710539,+39.1550505,-088.4378792,363577.6904831439,225.91726452032754,2141708125.500065
,12900,12900,310M700US12900,"Batesville, AR","Batesville, AR Micro Area",M2,2,G3110,1978003732,20251226,+35.7374992,-091.5599423,363605.2417151208,225.93438410473908,1998255088.1770544
339,13100,13100,310M700US13100,"Beatrice, NE","Beatrice, NE Micro Area",M2,2,G3110,2205292872,21993057,+40.2552337,-096.6834528,334555.44943856593,207.88363517874777,2227285958.8016067
376,13180,13180,310M700US13180,"Beaver Dam, WI","Beaver Dam, WI Micro Area",M2,2,G3110,2268049932,81331199,+43.4296276,-088.7019394,274714.48607857514,170.70009201198948,2349381177.8775306
,13420,13420,310M700US13420,"Bemidji, MN","Bemidji, MN Micro Area",M2,2,G3110,6486994931,1425755984,+47.8795077,-095.0050500,557893.9279117738,346.6600767468489,7912751351.085803
,13700,13700,310M700US13700,"Big Spring, TX","Big Spring, TX Micro Area",M2,2,G3110,2333034777,8846149,+32.3034298,-101.4387208,34195.436329761484,21.248111853158118,2341881118.747454
,18100,18100,310M700US18100,"Columbus, NE","Columbus, NE Micro Area",M2,2,G3110,2814221763,37628305,+41.5746963,-097.3531448,372342.952001896,231.36375905768577,2851850212.9568605
539,18420,18420,310M700US18420,"Corinth, MS","Corinth, MS Micro Area",M2,2,G3110,1036116127,3402314,+34.8865689,-088.5811091,130870.9357426583,81.3196314903366,1039518475.9446355
122,18460,18460,310M700US18460,"Cornelia, GA","Cornelia, GA Micro Area",M2,2,G3110,717081428,5672376,+34.6343924,-083.5258749,93943.38490132526,58.373858166282616,722753859.2947423
120,11700,11700,310M700US11700,"Asheville, NC","Asheville, NC Metro Area",M1,1,G3110,3830732047,19333890,+35.6163405,-082.5706835,756583.9559374428,470.12064320618566,3850066197.324823
,11820,11820,310M700US11820,"Astoria, OR","Astoria, OR Micro Area",M2,2,G3110,2145134305,661367181,+46.0245094,-123.7050366,270420.41273856035,168.0318719093295,2806501649.2500424
174,11940,11940,310M700US11940,"Athens, TN","Athens, TN Micro Area",M2,2,G3110,1619394997,61078967,+35.4519631,-084.6827140,328562.41327704774,204.15972589822397,1680474011.6143162
122,12060,12060,310M700US12060,"Atlanta-Sandy Springs-Roswell, GA","Atlanta-Sandy Springs-Roswell, GA Metro Area",M1,1,G3110,22750687355,384093172,+33.7324018,-084.3928478,3323369.136414298,2065.0509751912573,23134780831.66519
462,12380,12380,310M700US12380,"Austin, MN","Austin, MN Micro Area",M2,2,G3110,1842188281,617123,+43.6662486,-092.7595136,230291.9066327476,143.09711225269217,1842805402.030651
357,12660,12660,310M700US12660,"Baraboo, WI","Baraboo, WI Micro Area",M2,2,G3110,2153800039,45578932,+43.4280010,-089.9433184,275980.6314558918,171.48684023008926,2199379006.024964
148,12700,12700,310M700US12700,"Barnstable Town, MA","Barnstable Town, MA Metro Area",M1,1,G3110,1020933685,2360402326,+41.7061233,-070.1648227,48969.854203217255,30.42853231959515,3381333943.2002115
142,13820,13820,310M700US13820,"Birmingham, AL","Birmingham, AL Metro Area",M1,1,G3110,13674891003,232754429,+33.4623718,-086.8143378,2340181.743541224,1454.1251342421267,13907646136.441177
,10660,10660,310M700US10660,"Albert Lea, MN","Albert Lea, MN Micro Area",M2,2,G3110,1831759024,39302650,+43.6742019,-093.3502887,136591.78805521384,84.87441314775862,1871061674.7751396
370,38940,38940,310M700US38940,"Port St. Lucie, FL","Port St. Lucie, FL Metro Area",M1,1,G3110,2889772054,842722769,+27.2279435,-080.4249613,95986.20632480437,59.64321170467669,3732491854.978592
,39150,39150,310M700US39150,"Prescott Valley-Prescott, AZ","Prescott Valley-Prescott, AZ Metro Area",M1,1,G3110,21038297504,11358280,+34.6310710,-112.5772247,532130.4607048255,330.65136062287985,21049657769.76378
482,39340,39340,310M700US39340,"Provo-Orem-Lehi, UT","Provo-Orem-Lehi, UT Metro Area",M1,1,G3110,13976281055,398449361,+39.8720670,-112.3590592,586790.906566469,364.6158714544279,14374731891.16589
446,39420,39420,310M700US39420,"Pullman, WA","Pullman, WA Micro Area",M2,2,G3110,5592463288,48246698,+46.9059441,-117.5353898,687494.5994021414,427.19040066247123,5640710610.564145
450,39580,39580,310M700US39580,"Raleigh-Cary, NC","Raleigh-Cary, NC Metro Area",M1,1,G3110,5487327173,73980444,+35.7567464,-078.4604412,853592.7913839713,530.3992887668059,5561307722.636272
454,39820,39820,310M700US39820,"Redding, CA","Redding, CA Metro Area",M1,1,G3110,9778891282,185818274,+40.7605142,-122.0435558,1414447.3609570714,878.8990275249926,9964710199.469584
292,39940,39940,310M700US39940,"Rexburg, ID","Rexburg, ID Micro Area",M2,2,G3110,6043029384,93941604,+44.1427534,-111.5081067,697487.8424314705,433.39992943161207,6136971603.070076
365,40100,40100,310M700US40100,"Rio Grande City-Roma, TX","Rio Grande City-Roma, TX Micro Area",M2,2,G3110,3168019241,15386853,+26.5309027,-098.7402346,43411.40085822787,26.97466095307882,3183406367.88941
466,40300,40300,310M700US40300,"Rochelle, IL","Rochelle, IL Micro Area",M2,2,G3110,1964903749,12378958,+42.0418840,-089.3201764,243182.6823212434,151.10708881979158,1977282745.7772405
,40700,40700,310M700US40700,"Roseburg, OR","Roseburg, OR Micro Area",M2,2,G3110,13042545736,251754374,+43.2863277,-123.1544760,2353790.301393153,1462.581121076437,13294301223.244368
264,23540,23540,310M700US23540,"Gainesville, FL","Gainesville, FL Metro Area",M1,1,G3110,6069953634,1479855280,+29.4533549,-082.6662573,332571.10445276933,206.650617304466,7549794465.421439
456,23820,23820,310M700US23820,"Gardnerville Ranchos, NV-CA","Gardnerville Ranchos, NV-CA Micro Area",M2,2,G3110,3752575635,84739514,+38.7346898,-119.7142585,338799.829267392,210.52097708836666,3837315421.8820157
,25580,25580,310M700US25580,"Hastings, NE","Hastings, NE Micro Area",M2,2,G3110,4430077622,6085859,+40.4045694,-098.3490618,278441.03303764877,173.01566669420308,4436163588.784635
450,25780,25780,310M700US25780,"Henderson, NC","Henderson, NC Micro Area",M2,2,G3110,653714469,42177687,+36.3654806,-078.4054343,70995.30337969035,44.11454595032147,695892170.5015173
,26020,26020,310M700US26020,"Hobbs, NM","Hobbs, NM Micro Area",M2,2,G3110,11374066519,8147103,+32.7956865,-103.4132707,3537.1308841352247,2.197876697363655,11382214129.681805
284,26300,26300,310M700US26300,"Hot Springs, AR","Hot Springs, AR Metro Area",M1,1,G3110,1755013661,147452174,+34.5788522,-093.1469323,203695.47731468853,126.57081618221665,1902465937.9057891
170,26580,26580,310M700US26580,"Huntington-Ashland, WV-KY-OH","Huntington-Ashland, WV-KY-OH Metro Area",M1,1,G3110,7551162002,105972330,+38.3574874,-082.5799944,1358060.4784989085,843.8617560608128,7657134957.369281
,27420,27420,310M700US27420,"Jamestown, ND","Jamestown, ND Micro Area",M2,2,G3110,5754703470,197271625,+46.9722235,-098.9561228,175542.38055445283,109.07724940314218,5951975393.74341
496,27700,27700,310M700US27700,"Jesup, GA","Jesup, GA Micro Area",M2,2,G3110,1662287074,17768149,+31.5478449,-081.9123763,197610.4976206208,122.78977569725528,1680055251.771
309,27900,27900,310M700US27900,"Joplin, MO-KS","Joplin, MO-KS Metro Area",M1,1,G3110,4793618074,20833166,+37.0921351,-094.5006513,653608.2646341987,406.1343560926832,4814451323.237352
310,28020,28020,310M700US28020,"Kalamazoo-Portage, MI","Kalamazoo-Portage, MI Metro Area",M1,1,G3110,1455466318,47506806,+42.2462657,-085.5328544,202023.6480765764,125.53198707331975,1502973114.1660721
258,28340,28340,310M700US28340,"Kendallville, IN","Kendallville, IN Micro Area",M2,2,G3110,1064077377,17068591,+41.4046794,-085.4172708,168242.71457547988,104.54143597715827,1081146024.6174371
,29420,29420,310M700US29420,"Lake Havasu City-Kingman, AZ","Lake Havasu City-Kingman, AZ Metro Area",M1,1,G3110,34530032722,333388241,+35.7177050,-113.7496891,406535.8837146347,252.61031461011018,34863424433.97183
400,30280,30280,310M700US30280,"Lewisburg, TN","Lewisburg, TN Micro Area",M2,2,G3110,972442314,1801922,+35.4683285,-086.7658677,160521.991055682,99.74398887474494,974244281.9758042
,30380,30380,310M700US30380,"Lewistown, PA","Lewistown, PA Micro Area",M2,2,G3110,1064581430,9507557,+40.6016153,-077.6518322,178931.45431092894,111.18312743791178,1074088961.961271
310,12980,12980,310M700US12980,"Battle Creek, MI","Battle Creek, MI Metro Area",M1,1,G3110,1829201516,31257733,+42.2429896,-085.0123853,302289.11205147963,187.83421281486798,1860459287.8655336
288,13060,13060,310M700US13060,"Bay City, TX","Bay City, TX Micro Area",M2,2,G3110,2831196250,1345191762,+28.7747601,-096.0015316,501702.78315557336,311.7444313542032,4176385591.8088
,13140,13140,310M700US13140,"Beaumont-Port Arthur, TX","Beaumont-Port Arthur, TX Metro Area",M1,1,G3110,5441855546,747526125,+30.0759278,-094.2027049,637794.5391367895,396.3081382037292,6189371813.720187
,13220,13220,310M700US13220,"Beckley, WV","Beckley, WV Metro Area",M1,1,G3110,3281324816,27857476,+37.9056593,-081.1637481,515288.4313988767,320.1861827823063,3309182489.0402684
144,13260,13260,310M700US13260,"Bedford, IN","Bedford, IN Micro Area",M2,2,G3110,1163282510,7207557,+38.8398148,-086.4878198,268946.8467756709,167.11623819433487,1170490121.4200912
198,13340,13340,310M700US13340,"Bellefontaine, OH","Bellefontaine, OH Micro Area",M2,2,G3110,1187529021,21588083,+40.3875532,-083.7663430,196769.56655362126,122.26724405881993,1209117161.8956943
,13540,13540,310M700US13540,"Bennington, VT","Bennington, VT Micro Area",M2,2,G3110,1746266320,6896313,+43.0353277,-073.1114959,348280.14320314414,216.41178570292428,1753162783.6754713
266,13660,13660,310M700US13660,"Big Rapids, MI","Big Rapids, MI Micro Area",M2,2,G3110,1437849493,41659795,+43.6352949,-085.3327509,155192.73173307552,96.43253242514045,1479509305.6893346
,13740,13740,310M700US13740,"Billings, MT","Billings, MT Metro Area",M1,1,G3110,16777485427,99431396,+45.6371402,-108.8323611,1835583.2235649112,1140.581370975003,16876917932.613462
292,13940,13940,310M700US13940,"Blackfoot, ID","Blackfoot, ID Micro Area",M2,2,G3110,5422741966,68632371,+43.2163568,-112.3992058,281397.71645426285,174.85286916019166,5491374629.922043
145,14010,14010,310M700US14010,"Bloomington, IL","Bloomington, IL Metro Area",M1,1,G3110,3064597294,7804856,+40.4945594,-088.8445391,311801.69919900835,193.74507512334768,3072402204.1407886
144,14020,14020,310M700US14020,"Bloomington, IN","Bloomington, IN Metro Area",M1,1,G3110,2019718823,50076704,+39.2417362,-086.6717544,282084.84872052417,175.27983441691885,2069795592.7799919
108,14420,14420,310M700US14420,"Borger, TX","Borger, TX Micro Area",M2,2,G3110,2298449955,19465689,+35.8370470,-101.3627461,177240.82566666184,110.13261689056499,2317915832.4038577
150,14540,14540,310M700US14540,"Bowling Green, KY","Bowling Green, KY Metro Area",M1,1,G3110,4181238856,63508603,+37.0468044,-086.3973979,864362.8812466973,537.0915289787722,4244747707.7990985
,14660,14660,310M700US14660,"Brainerd, MN","Brainerd, MN Micro Area",M2,2,G3110,7821597573,1426264467,+46.7672908,-094.2238622,1047107.2653833006,650.643907057117,9247862671.702776
,14700,14700,310M700US14700,"Branson, MO","Branson, MO Micro Area",M2,2,G3110,1637553942,50101661,+36.6498267,-093.0428188,177824.59539236323,110.49535548259736,1687655723.7246432
152,15060,15060,310M700US15060,"Brookings, OR","Brookings, OR Micro Area",M2,2,G3110,4217523680,934580666,+42.4664387,-124.2109292,764497.4955567917,475.0379009760471,5152105145.445439
160,15380,15380,310M700US15380,"Buffalo-Cheektowaga, NY","Buffalo-Cheektowaga, NY Metro Area",M1,1,G3110,4053619557,2075648706,+43.0443711,-078.7773351,671190.8512260251,417.0596960406286,6129261664.5867405
,41500,41500,310M700US41500,"Salinas, CA","Salinas, CA Metro Area",M1,1,G3110,8499610242,1267806310,+36.2401044,-121.3155781,385110.9700735868,239.29745738848646,9767417033.582247
,41740,41740,310M700US41740,"San Diego-Chula Vista-Carlsbad, CA","San Diego-Chula Vista-Carlsbad, CA Metro Area",M1,1,G3110,10906140199,815875507,+33.0236041,-116.7761174,310046.7430328023,192.65459320765177,11722014941.995405
,42420,42420,310M700US42420,"Scottsbluff, NE","Scottsbluff, NE Micro Area",M2,2,G3110,3847840259,15761527,+41.6992563,-103.7085554,217992.98057768942,135.45489491200706,3863602098.5856423
,42540,42540,310M700US42540,"Scranton--Wilkes-Barre, PA","Scranton--Wilkes-Barre, PA Metro Area",M1,1,G3110,4521998643,77933959,+41.3228806,-075.8981877,893729.5046620694,555.3391481365463,4599932777.874052
,42700,42700,310M700US42700,"Sebring, FL","Sebring, FL Metro Area",M1,1,G3110,2635753187,230641250,+27.3410799,-081.3423534,147020.73253201807,91.35467491767935,2866394600.223265
146,42780,42780,310M700US42780,"Selinsgrove, PA","Selinsgrove, PA Micro Area",M2,2,G3110,851547197,7158854,+40.7554116,-077.0730205,131021.90665220322,81.41344069755505,858706036.8045819
294,42980,42980,310M700US42980,"Seymour, IN","Seymour, IN Micro Area",M2,2,G3110,1320837989,10172528,+38.9119571,-086.0425161,234541.81188760645,145.7378875114062,1331010550.1128602
,43500,43500,310M700US43500,"Silver City, NM","Silver City, NM Micro Area",M2,2,G3110,10259478298,15295130,+32.7320870,-108.3815043,313442.3558162257,194.76453441549063,10274774536.63381
,34500,34500,310M700US34500,"Mount Vernon, IL","Mount Vernon, IL Micro Area",M2,2,G3110,1479496305,32544477,+38.3007796,-088.9242100,204725.30171399532,127.21072098748265,1512040810.4626012
312,29940,29940,310M700US29940,"Lawrence, KS","Lawrence, KS Metro Area",M1,1,G3110,1180426483,48876650,+38.8964168,-095.2909475,117660.7981202077,73.1112121243539,1229303161.5556543
512,30180,30180,310M700US30180,"Le Mars, IA","Le Mars, IA Micro Area",M2,2,G3110,2234715252,2176851,+42.7376150,-096.2159729,351445.6438952426,218.37874153084036,2236892178.010823
,30420,30420,310M700US30420,"Lexington, NE","Lexington, NE Micro Area",M2,2,G3110,3812424491,26342616,+40.7568158,-099.8219783,232398.96958704336,144.40638372689637,3838767265.5436606
108,11100,11100,310M700US11100,"Amarillo, TX","Amarillo, TX Metro Area",M1,1,G3110,13341010285,84912898,+35.2479988,-101.9086699,333114.59098878206,206.98832502068058,13425924115.06302
,12300,12300,310M700US12300,"Augusta-Waterville, ME","Augusta-Waterville, ME Micro Area",M2,2,G3110,2246831970,216698656,+44.4170119,-069.7657639,331855.1273494623,206.20572865240553,2463530780.221863
,12620,12620,310M700US12620,"Bangor, ME","Bangor, ME Metro Area",M1,1,G3110,8798667188,414015631,+45.4092843,-068.6666160,1610893.3261085649,1000.9651944949886,9212683903.68333
,17820,17820,310M700US17820,"Colorado Springs, CO","Colorado Springs, CO Metro Area",M1,1,G3110,6950401130,12004523,+38.8455072,-104.6387277,305015.1267398325,189.52808402191738,6962406306.563704
,36100,36100,310M700US36100,"Ocala, FL","Ocala, FL Metro Area",M1,1,G3110,4114048470,192244413,+29.2028047,-082.0431004,128534.41085746142,79.86777862817144,4306293276.096148
147,36620,36620,310M700US36620,"Ontario, OR-ID","Ontario, OR-ID Micro Area",M2,2,G3110,26662856692,117913368,+43.2258691,-117.6199330,1581958.7220893363,982.986020411682,26780773028.851147
,36900,36900,310M700US36900,"Ottumwa, IA","Ottumwa, IA Micro Area",M2,2,G3110,1118480955,10808728,+41.0312751,-092.4094658,145290.66862420726,90.27966037270389,1129289728.7136679
,37540,37540,310M700US37540,"Paris, TN","Paris, TN Micro Area",M2,2,G3110,1455320355,81582236,+36.3252950,-088.3002878,184230.54168729496,114.47583586271078,1536902668.2720983
406,38100,38100,310M700US38100,"Picayune, MS","Picayune, MS Micro Area",M2,2,G3110,2101794952,20295312,+30.7747929,-089.5869043,265599.94680939947,165.03656580299966,2122090369.9728677
,38620,38620,310M700US38620,"Ponca City, OK","Ponca City, OK Micro Area",M2,2,G3110,2381778881,65545215,+36.8148851,-097.1438616,336243.7819129471,208.93271894872873,2447324161.325985
148,39300,39300,310M700US39300,"Providence-Warwick, RI-MA","Providence-Warwick, RI-MA Metro Area",M1,1,G3110,4110339414,1681117811,+41.7068397,-071.2866874,773462.3285333986,480.6084037763298,5791462040.01
154,39700,39700,310M700US39700,"Raymondville, TX","Raymondville, TX Micro Area",M2,2,G3110,1529680719,502856285,+26.4818607,-097.5947313,7697.065206880607,4.782746471771413,2032537826.243626
336,40080,40080,310M700US40080,"Richmond-Berea, KY","Richmond-Berea, KY Micro Area",M2,2,G3110,2609639459,24282040,+37.5966197,-084.2055859,501595.845852042,311.677983429258,2633921671.920322
,40540,40540,310M700US40540,"Rock Springs, WY","Rock Springs, WY Micro Area",M2,2,G3110,27005754381,166230249,+41.6603282,-108.8756774,799115.8933186287,496.5488295317513,27171988309.62576
474,40980,40980,310M700US40980,"Saginaw, MI","Saginaw, MI Metro Area",M1,1,G3110,2074080705,39260622,+43.3282667,-084.0554100,329443.9843539065,204.707510130803,2113341394.1549919
161,22800,22800,310M700US22800,"Fort Madison, IA","Fort Madison, IA Micro Area",M2,2,G3110,1340448555,55266763,+40.6475875,-091.4771574,159382.15304151803,99.03572460854639,1395715407.1451619
184,23380,23380,310M700US23380,"Fremont, OH","Fremont, OH Micro Area",M2,2,G3110,1057352836,24511837,+41.3553193,-083.1427763,223214.6221061446,138.69948059834755,1081864573.8249795
,16820,16820,310M700US16820,"Charlottesville, VA","Charlottesville, VA Metro Area",M1,1,G3110,4259324964,35660647,+37.9490837,-078.5932062,549499.5249024879,341.4440235764275,4294985764.736493
242,17220,17220,310M700US17220,"Clarksburg, WV","Clarksburg, WV Micro Area",M2,2,G3110,2353015455,10796591,+39.2883500,-080.4315298,361018.69201528345,224.32717263927043,2363812112.5553427
206,18620,18620,310M700US18620,"Corsicana, TX","Corsicana, TX Micro Area",M2,2,G3110,2615116310,197615408,+32.0433487,-096.4764060,191117.1860559041,118.75500892036743,2812731959.637639
,45900,45900,310M700US45900,"Traverse City, MI","Traverse City, MI Metro Area",M1,1,G3110,4379610249,7440142740,+44.9523239,-085.9083200,363863.54694698576,226.094887933554,11819739501.175995
536,46060,46060,310M700US46060,"Tucson, AZ","Tucson, AZ Metro Area",M1,1,G3110,23798602443,5112015,+32.1280380,-111.7836574,80015.48836895639,49.719442982189214,23803716954.421032
539,46180,46180,310M700US46180,"Tupelo, MS","Tupelo, MS Micro Area",M2,2,G3110,3620143880,36464255,+34.3842390,-088.5086256,579202.4463337269,359.9006091526507,3656608226.3878527
,46300,46300,310M700US46300,"Twin Falls, ID","Twin Falls, ID Metro Area",M1,1,G3110,6524856811,30958610,+42.4403972,-114.5687294,383878.9892189938,238.53193807336785,6555815739.602515
540,46340,46340,310M700US46340,"Tyler, TX","Tyler, TX Metro Area",M1,1,G3110,2386661742,73106299,+32.3751053,-095.2689389,280127.4515158129,174.06356115911672,2459767971.111034
212,46500,46500,310M700US46500,"Urbana, OH","Urbana, OH Micro Area",M2,2,G3110,1111045219,2180178,+40.1327753,-083.7676037,111280.23818929556,69.14650613872492,1113225437.4378421
,46620,46620,310M700US46620,"Uvalde, TX","Uvalde, TX Micro Area",M2,2,G3110,4019458733,17382916,+29.3503081,-099.7684270,288989.1488243968,179.56997826711373,4036842023.147432
338,46780,46780,310M700US46780,"Van Wert, OH","Van Wert, OH Micro Area",M2,2,G3110,1059692858,3287921,+40.8555203,-084.5857751,173002.58354126,107.49908878251955,1062980786.366698
,46820,46820,310M700US46820,"Vermillion, SD","Vermillion, SD Micro Area",M2,2,G3110,1067132261,13978087,+42.9161495,-096.9804680,79502.68780497157,49.40080269239041,1081110375.014788
,47080,47080,310M700US47080,"Vidalia, GA","Vidalia, GA Micro Area",M2,2,G3110,1567357675,27261859,+32.1542177,-082.4113785,194593.62314788927,120.91517215000515,1594619600.5807207
,47340,47340,310M700US47340,"Wabash, IN","Wabash, IN Micro Area",M2,2,G3110,1068471083,21851089,+40.8437475,-085.7951915,135793.52838492935,84.37839635187677,1090322205.4902487
314,47460,47460,310M700US47460,"Walla Walla, WA","Walla Walla, WA Metro Area",M1,1,G3110,3289370358,74932288,+46.2546057,-118.4803697,289740.48781465634,180.036839831643,3364303081.8069706
338,47540,47540,310M700US47540,"Wapakoneta, OH","Wapakoneta, OH Micro Area",M2,2,G3110,1039590221,1339586,+40.5613090,-084.2240177,125505.61215677291,77.98576569076324,1040929804.6342801
312,47660,47660,310M700US47660,"Warrensburg, MO","Warrensburg, MO Micro Area",M2,2,G3110,2147779812,10176753,+38.7415304,-093.8118655,218720.91979442898,135.90721649522723,2157956540.149916
198,47920,47920,310M700US47920,"Washington Court House, OH","Washington Court House, OH Micro Area",M2,2,G3110,1052469886,1694038,+39.5552462,-083.4618927,254291.8677798333,158.01003379014585,1054163932.2153989
405,47930,47930,310M700US47930,"Waterbury-Shelton, CT","Waterbury-Shelton, CT Metro Area",M1,1,G3110,1069106369,22747873,+41.5189311,-073.0879059,273287.0633826413,169.81313046506102,1091854237.5022604
,48060,48060,310M700US48060,"Watertown-Fort Drum, NY","Watertown-Fort Drum, NY Metro Area",M1,1,G3110,3283928401,1524534691,+43.9963890,-076.0529678,558679.296788,347.1480835547492,4808456385.225812
555,48220,48220,310M700US48220,"Weatherford, OK","Weatherford, OK Micro Area",M2,2,G3110,5158914507,48905635,+35.4494628,-098.9912951,708940.9800612731,440.51659690386936,5207820284.444523
,14620,14620,310M700US14620,"Bradford, PA","Bradford, PA Micro Area",M2,2,G3110,2537396735,13033864,+41.8145902,-078.5724631,353894.5380567633,219.9004175977502,2550430793.278239
288,14780,14780,310M700US14780,"Brenham, TX","Brenham, TX Micro Area",M2,2,G3110,1564859859,45466952,+30.2150752,-096.4102717,175924.22868135324,109.3145194187389,1610326775.598817
154,15180,15180,310M700US15180,"Brownsville-Harlingen, TX","Brownsville-Harlingen, TX Metro Area",M1,1,G3110,2309547317,1004825171,+26.1029227,-097.4789584,276747.3248926176,171.96324262903897,3314376918.149396
360,15340,15340,310M700US15340,"Bucyrus, OH","Bucyrus, OH Micro Area",M2,2,G3110,1040619655,2359514,+40.8485244,-082.9247827,195533.59944071245,121.49924779146262,1042979180.9936535
,16140,16140,310M700US16140,"Carroll, IA","Carroll, IA Micro Area",M2,2,G3110,1474877204,2145349,+42.0395021,-094.8676496,174736.78969458918,108.57667720592863,1477022583.5518067
338,16380,16380,310M700US16380,"Celina, OH","Celina, OH Micro Area",M2,2,G3110,1197732209,28431995,+40.5353307,-084.6320563,159459.4174100684,99.08373458067804,1226164225.21598
169,16580,16580,310M700US16580,"Champaign-Urbana, IL","Champaign-Urbana, IL Metro Area",M1,1,G3110,4975080240,8505259,+40.2344885,-088.2986226,522027.47790243506,324.3736425506326,4983585557.598516
163,17500,17500,310M700US17500,"Clewiston, FL","Clewiston, FL Micro Area",M2,2,G3110,5083566440,553861796,+26.7391910,-081.1840010,169526.49948117835,105.33914491728184,5637428731.632422
236,18500,18500,310M700US18500,"Corning, NY","Corning, NY Micro Area",M2,2,G3110,3601403378,35034921,+42.2667252,-077.3855253,454031.57396911876,282.1228416426105,3636438554.5359097
440,18700,18700,310M700US18700,"Corvallis, OR","Corvallis, OR Metro Area",M1,1,G3110,1748781835,7655317,+44.4938816,-123.4246641,308757.3537283618,191.8534018469446,1756437271.2776787
206,19100,19100,310M700US19100,"Dallas-Fort Worth-Arlington, TX","Dallas-Fort Worth-Arlington, TX Metro Area",M1,1,G3110,22471478130,857244105,+32.8491708,-096.9704894,2246579.839288412,1395.9634628409237,23328723089.17908
380,19300,19300,310M700US19300,"Daphne-Fairhope-Foley, AL","Daphne-Fairhope-Foley, AL Metro Area",M1,1,G3110,4117933903,1132678359,+30.6592183,-087.7460666,617875.4297329055,383.9309466818109,5250611951.498741
,19500,19500,310M700US19500,"Decatur, IL","Decatur, IL Metro Area",M1,1,G3110,1503613053,13477733,+39.8602372,-088.9615288,130927.75163844979,81.35493533898976,1517090763.1221817
,19810,19810,310M700US19810,"Detroit Lakes, MN","Detroit Lakes, MN Micro Area",M2,2,G3110,3405929566,336989905,+46.9376289,-095.7417568,353939.5983182015,219.9284168157142,3742919616.089386
,19860,19860,310M700US19860,"Dickinson, ND","Dickinson, ND Micro Area",M2,2,G3110,11633952135,216536669,+47.1194442,-102.8079284,995062.2373117381,618.3045455352742,11850489482.622952
,20060,20060,310M700US20060,"Douglas, GA","Douglas, GA Micro Area",M2,2,G3110,2421595681,31598889,+31.4613354,-082.8680881,302555.6555566092,187.9998356820866,2453194693.582174
515,21140,21140,310M700US21140,"Elkhart-Goshen, IN","Elkhart-Goshen, IN Metro Area",M1,1,G3110,1199572614,12465421,+41.6006928,-085.8639864,214903.72016723533,133.5353127165393,1212038055.2366233
434,38660,38660,310M700US38660,"Ponce, PR","Ponce, PR Metro Area",M1,1,G3110,946680578,447318027,+18.0228643,-066.6457033,123524.72436035781,76.75489601970858,1393998137.2055283
,38820,38820,310M700US38820,"Port Angeles, WA","Port Angeles, WA Micro Area",M2,2,G3110,4503408680,2409314039,+48.1109034,-123.8898599,799258.3562870001,496.63735213627956,6912723293.534938
544,38920,38920,310M700US38920,"Port Lavaca, TX","Port Lavaca, TX Micro Area",M2,2,G3110,1312958751,1361633026,+28.4417191,-096.5795739,81460.74902968257,50.61748855411695,2674589804.885224
,39040,39040,310M700US39040,"Port Townsend, WA","Port Townsend, WA Micro Area",M2,2,G3110,4671633807,994992501,+47.8057075,-123.5270572,816283.0371409899,507.21602466911276,5666626344.872216
348,40140,40140,310M700US40140,"Riverside-San Bernardino-Ontario, CA","Riverside-San Bernardino-Ontario, CA Metro Area",M1,1,G3110,70648246122,338958534,+34.5384592,-116.1345440,497988.9089592324,309.43673118124974,70987209696.0737
472,40900,40900,310M700US40900,"Sacramento-Roseville-Folsom, CA","Sacramento-Roseville-Folsom, CA Metro Area",M1,1,G3110,13192392916,546934724,+38.7902715,-121.0056427,1726273.899895145,1072.659537384981,13739328903.22586
378,41060,41060,310M700US41060,"St. Cloud, MN","St. Cloud, MN Metro Area",M1,1,G3110,4535549867,134058688,+45.5930312,-094.4883635,543079.0423597696,337.45451076824634,4669608625.995271
,42200,42200,310M700US42200,"Santa Maria-Santa Barbara, CA","Santa Maria-Santa Barbara, CA Metro Area",M1,1,G3110,7080874941,2729198795,+34.5366774,-120.0383645,252366.05272304665,156.81338481802894,9810074269.18824
416,43060,43060,310M700US43060,"Shawnee, OK","Shawnee, OK Micro Area",M2,2,G3110,2040435223,14786082,+35.2113915,-096.9570036,256720.6504351158,159.51921311538632,2055221417.933997
400,43180,43180,310M700US43180,"Shelbyville, TN","Shelbyville, TN Micro Area",M2,2,G3110,1226719753,2980759,+35.5136604,-086.4582939,264411.0695008547,164.29782985624834,1229700595.3137023
,43420,43420,310M700US43420,"Sierra Vista-Douglas, AZ","Sierra Vista-Douglas, AZ Metro Area",M1,1,G3110,16083494828,17625865,+31.8401287,-109.7751627,110279.62622156253,68.5247531420101,16101121579.577368
524,44300,44300,310M700US44300,"State College, PA","State College, PA Metro Area",M1,1,G3110,2867787629,11295680,+40.9093218,-077.8476670,450758.4473638939,280.08901000652065,2879083667.5191917
,44500,44500,310M700US44500,"Stephenville, TX","Stephenville, TX Micro Area",M2,2,G3110,2805419699,17166727,+32.2362068,-098.2183364,82355.65067026437,51.17355603555767,2822586501.9358115
310,44780,44780,310M700US44780,"Sturgis, MI","Sturgis, MI Micro Area",M2,2,G3110,1296649450,52802551,+41.9114878,-085.5228695,279557.20640784723,173.70922639581894,1349452036.366136
101,45020,45020,310M700US45020,"Sweetwater, TX","Sweetwater, TX Micro Area",M2,2,G3110,2362054436,5059477,+32.3123379,-100.4181078,20175.09089942047,12.536251444331509,2367114080.588653
533,45220,45220,310M700US45220,"Tallahassee, FL","Tallahassee, FL Metro Area",M1,1,G3110,6188264208,1115060234,+30.3463661,-084.2670012,573597.7088367596,356.41797807595634,7303330005.545893
,45520,45520,310M700US45520,"The Dalles, OR","The Dalles, OR Micro Area",M2,2,G3110,6167070395,35741911,+45.1645359,-121.1650693,787542.3848083687,489.3573668760913,6202813147.123795
142,18980,18980,310M700US18980,"Cullman, AL","Cullman, AL Micro Area",M2,2,G3110,1902990047,52505884,+34.1319229,-086.8692666,343287.66372512083,213.30959506699693,1955495943.6145172
174,19140,19140,310M700US19140,"Dalton, GA","Dalton, GA Metro Area",M1,1,G3110,1644485120,7297349,+34.7969557,-084.8562790,303922.9563521608,188.8494391192419,1651782602.6013935
324,19760,19760,310M700US19760,"DeRidder, LA","DeRidder, LA Micro Area",M2,2,G3110,2997854115,21942931,+30.6450184,-093.3402526,542262.95758875,336.94741794073974,3019797200.521858
220,19820,19820,310M700US19820,"Detroit-Warren-Dearborn, MI","Detroit-Warren-Dearborn, MI Metro Area",M1,1,G3110,10082591606,886772785,+42.7218478,-083.2008463,1623386.3129588699,1008.7279959230926,10969365585.625824
368,22620,22620,310M700US22620,"Forrest City, AR","Forrest City, AR Micro Area",M2,2,G3110,1644082973,20017606,+35.0228383,-090.7515058,265519.93143813754,164.9868464327846,1664100575.8434675
304,24620,24620,310M700US24620,"Greeneville, TN","Greeneville, TN Micro Area",M2,2,G3110,1611409726,5099752,+36.1794867,-082.8475235,338091.0683189057,210.08057235817523,1616509517.518853
548,25180,25180,310M700US25180,"Hagerstown-Martinsburg, MD-WV","Hagerstown-Martinsburg, MD-WV Metro Area",M1,1,G3110,2610749224,27270268,+39.5544327,-077.9845935,566400.4367675874,351.9457894339217,2638019574.7175646
,10100,10100,310M700US10100,"Aberdeen, SD","Aberdeen, SD Micro Area",M2,2,G3110,7353004118,111384254,+45.5194353,-098.7007003,407681.46083926375,253.32214500308436,7464388659.335401
372,11380,11380,310M700US11380,"Andrews, TX","Andrews, TX Micro Area",M2,2,G3110,3886758047,1049250,+32.3122581,-102.6402058,0.0,0.0,3887807402.1147
533,12460,12460,310M700US12460,"Bainbridge, GA","Bainbridge, GA Micro Area",M2,2,G3110,1546842856,67154652,+30.8806431,-084.5838902,144353.54833020238,89.697359371048,1613997634.4838643
,13900,13900,310M700US13900,"Bismarck, ND","Bismarck, ND Metro Area",M1,1,G3110,11087703051,165098287,+46.8870310,-100.9795920,641528.4653442475,398.6282981497058,11252801946.925146
,24260,24260,310M700US24260,"Grand Island, NE","Grand Island, NE Metro Area",M1,1,G3110,4153287477,54189876,+41.0839258,-098.3742176,447999.0814604839,278.3744152637006,4207477444.3325605
,24460,24460,310M700US24460,"Great Bend, KS","Great Bend, KS Micro Area",M2,2,G3110,2318705426,13926862,+38.4812394,-098.7678374,144247.79290343027,89.63164583209904,2332632346.2080326
,41460,41460,310M700US41460,"Salina, KS","Salina, KS Micro Area",M2,2,G3110,3732102419,4328531,+38.9645697,-097.6633868,533481.144802337,331.4906388969,3736431079.665226
482,41620,41620,310M700US41620,"Salt Lake City-Murray, UT","Salt Lake City-Murray, UT Metro Area",M1,1,G3110,20184092727,773332526,+40.5728869,-112.9532527,215737.73059505085,134.0535440584655,20957424066.24152
,41760,41760,310M700US41760,"Sandpoint, ID","Sandpoint, ID Micro Area",M2,2,G3110,4489041236,478899611,+48.3246343,-116.6274498,481019.5883569921,298.89245799954773,4967941347.12366
488,41860,41860,310M700US41860,"San Francisco-Oakland-Fremont, CA","San Francisco-Oakland-Fremont, CA Metro Area",M1,1,G3110,6396725033,2476953340,+37.7737185,-122.2744317,340425.05055543454,211.5308452877792,8873678892.620838
490,41980,41980,310M700US41980,"San Juan-Bayamón-Caguas, PR","San Juan-Bayamón-Caguas, PR Metro Area",M1,1,G3110,3724974946,1457947677,+18.2944526,-066.0368437,727053.2345202051,451.7710580239136,5182922653.7120695
,42020,42020,310M700US42020,"San Luis Obispo-Paso Robles, CA","San Luis Obispo-Paso Robles, CA Metro Area",M1,1,G3110,8549140854,815650229,+35.3881891,-120.4488974,246872.76180935322,153.4000036097737,9364791889.01034
105,42140,42140,310M700US42140,"Santa Fe, NM","Santa Fe, NM Metro Area",M1,1,G3110,4947861285,2643021,+35.5145309,-105.9639718,244332.18767042054,151.8213601044034,4950504835.297721
496,42340,42340,310M700US42340,"Savannah, GA","Savannah, GA Metro Area",M1,1,G3110,3494533867,564841281,+32.1092557,-081.2732867,392554.82978739927,243.92286887009539,4059374990.2831206
,42380,42380,310M700US42380,"Sayre, PA","Sayre, PA Micro Area",M2,2,G3110,2971688852,35331261,+41.7915044,-076.5021231,503657.0826114028,312.95877975530516,3007020284.069605
340,42620,42620,310M700US42620,"Searcy, AR","Searcy, AR Micro Area",M2,2,G3110,2677959077,20840622,+35.2551175,-091.7530339,539061.431707634,334.9580770425355,2698799833.1109734
500,42660,42660,310M700US42660,"Seattle-Tacoma-Bellevue, WA","Seattle-Tacoma-Bellevue, WA Metro Area",M1,1,G3110,15203989412,1135327478,+47.4905518,-121.8339765,2477893.3620646065,1539.695379512475,16339317822.128992
,42740,42740,310M700US42740,"Sedalia, MO","Sedalia, MO Micro Area",M2,2,G3110,1766986595,10468070,+38.7273880,-093.2851901,215897.56011776952,134.15285776639462,1777454643.8237321
273,42860,42860,310M700US42860,"Seneca, SC","Seneca, SC Micro Area",M2,2,G3110,1622868957,121638261,+34.7487656,-083.0615395,230074.11432088056,142.96178204784604,1744507294.4428668
464,42900,42900,310M700US42900,"Seneca Falls, NY","Seneca Falls, NY Micro Area",M2,2,G3110,838377559,172813844,+42.7822943,-076.8270880,67783.75341842067,42.11897636199975,1011191465.2135992
,43100,43100,310M700US43100,"Sheboygan, WI","Sheboygan, WI Metro Area",M1,1,G3110,1324828373,1967670376,+43.7387131,-087.7315310,247211.81324912934,153.61068093077245,3292501055.9466677
,43260,43260,310M700US43260,"Sheridan, WY","Sheridan, WY Micro Area",M2,2,G3110,6535473446,7987952,+44.7813692,-106.8812114,788682.5402787052,490.0658284009005,6543462498.145581
198,17060,17060,310M700US17060,"Chillicothe, OH","Chillicothe, OH Micro Area",M2,2,G3110,1784931095,9994410,+39.3238949,-083.0595381,307122.07967511937,190.83728713330893,1794925601.6744606
,17300,17300,310M700US17300,"Clarksville, TN-KY","Clarksville, TN-KY Metro Area",M1,1,G3110,5589639018,217672424,+36.6957098,-087.6243072,808982.8434545117,502.6798833400722,5807311833.203869
,17380,17380,310M700US17380,"Cleveland, MS","Cleveland, MS Micro Area",M2,2,G3110,2270141679,81446732,+33.7991391,-090.8841199,261665.01562988575,162.59150684745657,2351588535.1546044
,17740,17740,310M700US17740,"Coldwater, MI","Coldwater, MI Micro Area",M2,2,G3110,1311598417,34427277,+41.9184551,-085.0668852,211077.21707748022,131.1576280198592,1346025710.102375
,17780,17780,310M700US17780,"College Station-Bryan, TX","College Station-Bryan, TX Metro Area",M1,1,G3110,5439976577,86556862,+30.7543917,-096.4885368,685129.4716941636,425.7207747860388,5526533879.236526
,21420,21420,310M700US21420,"Enid, OK","Enid, OK Metro Area",M1,1,G3110,2741521321,4075930,+36.3781319,-097.7887411,169289.9595338976,105.19216544291301,2745597306.315743
,21740,21740,310M700US21740,"Evanston, WY-UT","Evanston, WY-UT Micro Area",M2,2,G3110,8056116899,165718888,+41.4121236,-110.7609576,839534.7875702084,521.6640284652146,8221836668.83249
244,22020,22020,310M700US22020,"Fargo, ND-MN","Fargo, ND-MN Metro Area",M1,1,G3110,7278152692,26752493,+46.9148591,-096.9601826,695291.7736979959,432.0353521928219,7304905321.000045
,22220,22220,310M700US22220,"Fayetteville-Springdale-Rogers, AR","Fayetteville-Springdale-Rogers, AR Metro Area",M1,1,G3110,6794685252,130170310,+36.1163935,-094.0795449,755056.6347001728,469.1716074292398,6924855781.255025
,22260,22260,310M700US22260,"Fergus Falls, MN","Fergus Falls, MN Micro Area",M2,2,G3110,5106514368,654466895,+46.4057273,-095.7145815,400928.47577732836,249.1260241945943,5760981500.050417
,22580,22580,310M700US22580,"Forest City, NC","Forest City, NC Micro Area",M2,2,G3110,1464475268,4693780,+35.4027469,-081.9195825,320234.85718426935,198.98520957924947,1469169167.555199
,22660,22660,310M700US22660,"Fort Collins-Loveland, CO","Fort Collins-Loveland, CO Metro Area",M1,1,G3110,6722949455,99049183,+40.6580933,-105.4867638,1034658.7528226593,642.9087407400918,6821999123.778554
,22820,22820,310M700US22820,"Fort Morgan, CO","Fort Morgan, CO Micro Area",M2,2,G3110,3316461692,34642895,+40.2620846,-103.8072353,107770.95733631152,66.96593469143346,3351104919.80883
170,16620,16620,310M700US16620,"Charleston, WV","Charleston, WV Metro Area",M1,1,G3110,4522280223,33179871,+38.2832126,-081.4925567,738808.9925790345,459.0757655803215,4555460483.4635105
174,16860,16860,310M700US16860,"Chattanooga, TN-GA","Chattanooga, TN-GA Metro Area",M1,1,G3110,5409951537,126699207,+35.0493612,-085.3611582,904718.0385900404,562.1671235351389,5536651033.588664
,17020,17020,310M700US17020,"Chico, CA","Chico, CA Metro Area",M1,1,G3110,4238545144,105204062,+39.6653362,-121.6032086,639098.4862675766,397.11837540083303,4343749435.511101
104,10580,10580,310M700US10580,"Albany-Schenectady-Troy, NY","Albany-Schenectady-Troy, NY Metro Area",M1,1,G3110,7282571671,171996748,+42.7879202,-073.9423479,1311089.832901409,814.6754774636863,7454568538.787686
162,12740,12740,310M700US12740,"Barre, VT","Barre, VT Micro Area",M2,2,G3110,1779477994,21517013,+44.2749694,-072.6094444,232027.79457508214,144.17574569393798,1800995175.6637478
313,28300,28300,310M700US28300,"Keene, NH","Keene, NH Micro Area",M2,2,G3110,1830408433,57547873,+42.9254596,-072.2481828,331496.8871411743,205.9831279538036,1887956394.0371406
370,28580,28580,310M700US28580,"Key West-Key Largo, FL","Key West-Key Largo, FL Micro Area",M2,2,G3110,2546069559,11153839965,+25.5861198,-081.0226025,208431.71870537763,129.51378745658323,13699912977.28465
304,28700,28700,310M700US28700,"Kingsport-Bristol, TN-VA","Kingsport-Bristol, TN-VA Metro Area",M1,1,G3110,5207157853,95804424,+36.6041611,-082.4401446,1025523.924279145,637.2326073291815,5302962738.541773
408,28740,28740,310M700US28740,"Kingston, NY","Kingston, NY Metro Area",M1,1,G3110,2911757763,94596810,+41.9472124,-074.2654582,554757.559108499,344.71122268041495,3006354620.858625
408,28880,28880,310M700US28880,"Kiryas Joel-Poughkeepsie-Newburgh, NY","Kiryas Joel-Poughkeepsie-Newburgh, NY Metro Area",M1,1,G3110,4163872527,144859262,+41.5752737,-074.0338729,876584.5863696411,544.6857633375429,4308731928.5532675
320,29200,29200,310M700US29200,"Lafayette-West Lafayette, IN","Lafayette-West Lafayette, IN Metro Area",M1,1,G3110,4253332686,23170968,+40.4821533,-087.0171117,645352.6188237964,401.004522862662,4276503783.318796
264,29380,29380,310M700US29380,"Lake City, FL","Lake City, FL Micro Area",M2,2,G3110,2065197098,10207202,+30.2216509,-082.6233712,146957.59661146137,91.31544397794212,2075404409.7042878
105,29780,29780,310M700US29780,"Las Vegas, NM","Las Vegas, NM Micro Area",M2,2,G3110,17217638654,57463808,+35.6440668,-104.8630266,1365848.07792987,848.7007580311619,17275104506.326626
146,14100,14100,310M700US14100,"Bloomsburg-Berwick, PA","Bloomsburg-Berwick, PA Micro Area",M2,2,G3110,1251636166,18574480,+41.0455174,-076.4042599,232017.7283909693,144.16949084156818,1270210664.8362536
,14180,14180,310M700US14180,"Blytheville, AR","Blytheville, AR Micro Area",M2,2,G3110,2336409874,72224609,+35.7669437,-090.0522072,142585.40562917257,88.59868370212173,2408634576.202751
206,14300,14300,310M700US14300,"Bonham, TX","Bonham, TX Micro Area",M2,2,G3110,2273850350,54247784,+33.5911611,-096.1049882,206976.20288079372,128.6093696054244,2328098176.8500667
148,14460,14460,310M700US14460,"Boston-Cambridge-Newton, MA-NH","Boston-Cambridge-Newton, MA-NH Metro Area",M1,1,G3110,9029560059,2654239981,+42.5176060,-071.0219925,1725218.0002005806,1072.0034301021417,11683802582.853035
216,14500,14500,310M700US14500,"Boulder, CO","Boulder, CO Metro Area",M1,1,G3110,1881409373,36403508,+40.0949712,-105.3977104,372413.45384549384,231.40756698118102,1917813028.6609411
313,14710,14710,310M700US14710,"Brattleboro, VT","Brattleboro, VT Micro Area",M2,2,G3110,2035623277,32917051,+42.9953040,-072.7218771,433287.6914964901,269.23315862185126,2068540471.137966
120,14820,14820,310M700US14820,"Brevard, NC","Brevard, NC Micro Area",M2,2,G3110,979960858,5073764,+35.2100990,-082.8166600,226360.14542955044,140.65402303400802,985034747.8835694
482,14940,14940,310M700US14940,"Brigham City, UT-ID","Brigham City, UT-ID Micro Area",M2,2,G3110,18078776567,2459155035,+41.6226233,-113.0602520,455677.00331594533,283.145266578812,20537935651.290604
364,10380,10380,310M700US10380,"Aguadilla, PR","Aguadilla, PR Metro Area",M1,1,G3110,769383281,354396433,+18.3915550,-067.0972023,109948.27243425083,68.31885893238895,1123779804.0799484
184,10420,10420,310M700US10420,"Akron, OH","Akron, OH Metro Area",M1,1,G3110,2331351433,62042598,+41.1466395,-081.3501104,387891.0312886954,241.0249116337725,2393394002.8768005
,10500,10500,310M700US10500,"Albany, GA","Albany, GA Metro Area",M1,1,G3110,4120798650,46035863,+31.6446859,-084.1107184,452095.0235049004,280.9195219809987,4166834734.660369
172,10620,10620,310M700US10620,"Albemarle, NC","Albemarle, NC Micro Area",M2,2,G3110,1023253142,25183933,+35.3104492,-080.2543742,158985.74106024994,98.78940501090506,1048437125.8046978
105,10740,10740,310M700US10740,"Albuquerque, NM","Albuquerque, NM Metro Area",M1,1,G3110,24043814909,31882183,+35.1234965,-106.4583918,565602.9123981,351.4502295339083,24075699688.70995
194,10760,10760,310M700US10760,"Alexander City, AL","Alexander City, AL Micro Area",M2,2,G3110,1855828177,128760802,+32.8633076,-085.7996176,237171.0504667953,147.37162468266203,1984589083.315183
,10780,10780,310M700US10780,"Alexandria, LA","Alexandria, LA Metro Area",M1,1,G3110,5096657042,151518644,+31.3253478,-092.5468034,930360.004600793,578.1003421283216,5248176161.471763
106,10900,10900,310M700US10900,"Allentown-Bethlehem-Easton, PA-NJ","Allentown-Bethlehem-Easton, PA-NJ Metro Area",M1,1,G3110,3763302206,58253775,+40.7893392,-075.3981580,758383.9123776101,471.2390870652629,3821556185.584856
,11140,11140,310M700US11140,"Americus, GA","Americus, GA Micro Area",M2,2,G3110,1682937497,27581090,+32.0983551,-084.2243044,156097.7855803607,96.99490821104348,1710518632.8893294
,11260,11260,310M700US11260,"Anchorage, AK","Anchorage, AK Metro Area",M1,1,G3110,68411728021,2067458234,+62.2127844,-149.6782218,16547226.671719545,10281.995520971048,70479201417.98521
258,11420,11420,310M700US11420,"Angola, IN","Angola, IN Micro Area",M2,2,G3110,799762192,35421788,+41.6434670,-085.0024051,111087.39742780974,69.02668014702284,835183990.7975507
220,11460,11460,310M700US11460,"Ann Arbor, MI","Ann Arbor, MI Metro Area",M1,1,G3110,1828571110,42491927,+42.2522168,-083.8434233,250631.60525497945,155.73564644822068,1871063092.123363
412,11580,11580,310M700US11580,"Arcadia, FL","Arcadia, FL Micro Area",M2,2,G3110,1649031792,6243548,+27.1905809,-081.8062531,206869.09524085184,128.54281583807762,1655275091.330493
420,23340,23340,310M700US23340,"Fremont, NE","Fremont, NE Micro Area",M2,2,G3110,1369700566,36668439,+41.5770082,-096.6458524,214471.8029499589,133.26693113323407,1406369066.8969984
204,28780,28780,310M700US28780,"Kingsville, TX","Kingsville, TX Micro Area",M2,2,G3110,2282572454,541041663,+27.4387348,-097.6606203,74514.16732352306,46.30107206899913,2823607525.2418904
330,29620,29620,310M700US29620,"Lansing-East Lansing, MI","Lansing-East Lansing, MI Metro Area",M1,1,G3110,4399456843,41626503,+42.7136586,-084.6053717,692719.4973367457,430.4370097908122,4441083392.408247
,15100,15100,310M700US15100,"Brookings, SD","Brookings, SD Micro Area",M2,2,G3110,2051833292,32942236,+44.3766745,-096.7977971,113519.7693923399,70.53808977117322,2084775551.0992632
444,15860,15860,310M700US15860,"Cañon City, CO","Cañon City, CO Micro Area",M2,2,G3110,3972614690,2234517,+38.4551697,-105.4249582,493365.247568165,306.56371404934015,3974849645.580976
484,28500,28500,310M700US28500,"Kerrville, TX","Kerrville, TX Micro Area",M2,2,G3110,2857618951,10230383,+30.0535627,-099.3746817,175326.8500112362,108.94332459967205,2867849568.2871404
,28540,28540,310M700US28540,"Ketchikan, AK","Ketchikan, AK Micro Area",M2,2,G3110,12579808103,4714991291,+55.4499378,-131.1066847,1718891.754993726,1068.0724738052406,17294895234.400627
545,28620,28620,310M700US28620,"Kill Devil Hills, NC","Kill Devil Hills, NC Micro Area",M2,2,G3110,992558908,3000512926,+35.6062688,-075.7675364,32089.106120171302,19.939295686536905,3993073295.4325547
300,28680,28680,310M700US28680,"Kingsland, GA","Kingsland, GA Micro Area",M2,2,G3110,1632398694,392732535,+30.9133580,-081.6420193,118449.7520927195,73.6014466133443,2025131881.5677445
,28860,28860,310M700US28860,"Kirksville, MO","Kirksville, MO Micro Area",M2,2,G3110,2265278468,7684518,+40.2844893,-092.5651239,289077.96384277294,179.6251654981377,2272963012.018727
,28900,28900,310M700US28900,"Klamath Falls, OR","Klamath Falls, OR Micro Area",M2,2,G3110,15410161575,485164893,+42.6837613,-121.6461682,1107144.8961391961,687.9496539818784,15895327496.572504
315,28940,28940,310M700US28940,"Knoxville, TN","Knoxville, TN Metro Area",M1,1,G3110,9067430711,385652256,+36.0444622,-084.1361137,1571999.824031742,976.7978326716183,9453083611.59324
294,29020,29020,310M700US29020,"Kokomo, IN","Kokomo, IN Metro Area",M1,1,G3110,759058623,2194576,+40.4835368,-086.1141178,128631.24305786134,79.92794751752976,761253215.9033738
122,29300,29300,310M700US29300,"LaGrange, GA-AL","LaGrange, GA-AL Micro Area",M2,2,G3110,2617397970,99695291,+32.9702981,-085.2441605,343469.0346030843,213.4222939857857,2717093373.116356
,26140,26140,310M700US26140,"Homosassa Springs, FL","Homosassa Springs, FL Metro Area",M1,1,G3110,1507454468,980854442,+28.8502933,-082.5955513,65516.00764637547,40.70986096559799,2488325947.52018
104,26460,26460,310M700US26460,"Hudson, NY","Hudson, NY Micro Area",M2,2,G3110,1643770715,35071400,+42.2476964,-073.6267175,327314.0396176633,203.38402054113072,1678842239.0276895
296,27060,27060,310M700US27060,"Ithaca, NY","Ithaca, NY Metro Area",M1,1,G3110,1229336924,43765697,+42.4530063,-076.4734835,192728.26384117798,119.75608873275877,1273102695.9270236
298,27140,27140,310M700US27140,"Jackson, MS","Jackson, MS Metro Area",M1,1,G3110,15576843436,233754863,+32.4263105,-090.1364218,2001887.1673973817,1243.918107669841,15810599111.423937
300,27260,27260,310M700US27260,"Jacksonville, FL","Jacksonville, FL Metro Area",M1,1,G3110,8292777381,1286119584,+30.2341385,-081.7560584,694849.8576417345,431.76075760357327,9578899296.058899
,24500,24500,310M700US24500,"Great Falls, MT","Great Falls, MT Metro Area",M1,1,G3110,6988334235,34300473,+47.3165751,-111.3502622,852945.328152432,529.9969727667442,7022635615.421902
132,12940,12940,310M700US12940,"Baton Rouge, LA","Baton Rouge, LA Metro Area",M1,1,G3110,11312573569,530861404,+30.5152419,-091.1269263,1672766.9044412763,1039.4117491899017,11843435368.65416
,14380,14380,310M700US14380,"Boone, NC","Boone, NC Micro Area",M2,2,G3110,809214839,2271720,+36.2353679,-081.7098875,155280.40046806933,96.48700738692217,811486607.4768642
273,24860,24860,310M700US24860,"Greenville-Anderson-Greer, SC","Greenville-Anderson-Greer, SC Metro Area",M1,1,G3110,7017889083,200480295,+34.6837085,-082.4134227,1199046.8499752071,745.0550225404247,7218369513.567088
412,39460,39460,310M700US39460,"Punta Gorda, FL","Punta Gorda, FL Metro Area",M1,1,G3110,1764168951,689160340,+26.9063580,-082.0036297,90703.83626090988,56.360890962077555,2453322885.9718847
376,39540,39540,310M700US39540,"Racine-Mount Pleasant, WI","Racine-Mount Pleasant, WI Metro Area",M1,1,G3110,861465348,1190175268,+42.7803923,-087.7715988,100283.0477039483,62.31315179138547,2051642571.1617951
378,39860,39860,310M700US39860,"Red Wing, MN","Red Wing, MN Micro Area",M2,2,G3110,1959952819,59111961,+44.4061779,-092.7160003,277617.0123067195,172.5036426775694,2019064853.0942519
,39960,39960,310M700US39960,"Rice Lake, WI","Rice Lake, WI Micro Area",M2,2,G3110,2235375003,69100902,+45.4371917,-091.8528921,341447.51768527995,212.1661784863857,2304475926.574591
,40760,40760,310M700US40760,"Ruidoso, NM","Ruidoso, NM Micro Area",M2,2,G3110,12512530054,554839,+33.7408411,-105.4498055,197920.4022040472,122.98234195635925,12513086194.011593
315,35460,35460,310M700US35460,"Newport, TN","Newport, TN Micro Area",M2,2,G3110,1129592395,17924853,+35.9161980,-083.1192242,203154.3448323179,126.2345712107559,1147517327.6529717
515,35660,35660,310M700US35660,"Niles, MI","Niles, MI Metro Area",M1,1,G3110,1470711038,2625282548,+41.7913818,-086.7425435,213873.45808699043,132.895135948271,4095986259.350483
169,19180,19180,310M700US19180,"Danville, IL","Danville, IL Micro Area",M2,2,G3110,2326639022,7527081,+40.1867546,-087.7267776,323609.56849022896,201.08216317883665,2334166231.0953226
,19980,19980,310M700US19980,"Dodge City, KS","Dodge City, KS Micro Area",M2,2,G3110,2844508244,2097356,+37.6885096,-099.8847435,131245.2153109501,81.55219860995818,2846605685.8103957
545,21020,21020,310M700US21020,"Elizabeth City, NC","Elizabeth City, NC Micro Area",M2,2,G3110,587610262,161751355,+36.2651986,-076.2606907,32197.40569102671,20.00659008725733,749361643.7197629
393,36830,36830,310M700US36830,"Othello, WA","Othello, WA Micro Area",M2,2,G3110,4985698853,12464425,+47.0112378,-118.5128614,99615.30450774432,61.89823437418092,4998163986.217699
466,40420,40420,310M700US40420,"Rockford, IL","Rockford, IL Metro Area",M1,1,G3110,2055926586,19215219,+42.3311830,-089.0429139,325217.1751335987,202.0810861182837,2075141843.4997451
246,40460,40460,310M700US40460,"Rockingham, NC","Rockingham, NC Micro Area",M2,2,G3110,1226849526,15575098,+35.0046360,-079.7556946,185185.16720349644,115.06901413218863,1242424698.6007667
,40620,40620,310M700US40620,"Rolla, MO","Rolla, MO Micro Area",M2,2,G3110,1739921110,6564987,+37.8663259,-091.7903500,183193.73253296968,113.83159092110411,1746486165.4861405
122,40660,40660,310M700US40660,"Rome, GA","Rome, GA Metro Area",M1,1,G3110,1320459232,22359373,+34.2636901,-085.2136849,239547.52950769642,148.84830396789766,1342818690.8996668
,40780,40780,310M700US40780,"Russellville, AR","Russellville, AR Micro Area",M2,2,G3110,4510044454,97766992,+35.1995857,-093.2527625,556554.9660114878,345.82808232659835,4607811830.126744
,40860,40860,310M700US40860,"Rutland, VT","Rutland, VT Micro Area",M2,2,G3110,2410117476,38757463,+43.6123987,-073.0603041,467283.5938655478,290.3572855117923,2448875169.9619594
,40940,40940,310M700US40940,"Safford, AZ","Safford, AZ Micro Area",M2,2,G3110,11970605966,47476264,+32.9318277,-109.8783103,353521.5404133643,219.66864703130744,12018083025.544832
,41100,41100,310M700US41100,"St. George, UT","St. George, UT Metro Area",M1,1,G3110,6287425962,7782767,+37.2625308,-113.4878003,384065.16619130503,238.64762336815406,6295209370.940726
162,15540,15540,310M700US15540,"Burlington-South Burlington, VT","Burlington-South Burlington, VT Metro Area",M1,1,G3110,3236454054,656620800,+44.6891146,-073.0411754,421886.43682620086,262.1487298061323,3893075336.814422
427,15900,15900,310M700US15900,"Canton, IL","Canton, IL Micro Area",M2,2,G3110,2242138203,43898933,+40.4652401,-090.2022689,332195.6951877621,206.41734822210478,2286037243.943625
,16220,16220,310M700US16220,"Casper, WY","Casper, WY Metro Area",M1,1,G3110,13831927724,90969877,+42.9776447,-106.7682192,814793.1649424072,506.29025870382094,13922899073.08919
,26220,26220,310M700US26220,"Hood River, OR","Hood River, OR Micro Area",M2,2,G3110,1352477354,29044350,+45.5117753,-121.6559762,219856.57849603635,136.61288385054516,1381521715.049987
522,27300,27300,310M700US27300,"Jacksonville, IL","Jacksonville, IL Micro Area",M2,2,G3110,2123137846,13868094,+39.6939496,-090.2850474,183776.1190382035,114.19347001764916,2137005975.2720752
,28180,28180,310M700US28180,"Kapaa, HI","Kapaa, HI Micro Area",M2,2,G3110,1605377397,1674359172,+22.0120383,-159.7059653,401631.3967277852,249.56280010922814,3279737363.3837485
148,29060,29060,310M700US29060,"Laconia, NH","Laconia, NH Micro Area",M2,2,G3110,1040947197,176373665,+43.5191091,-071.4253661,140503.49355897712,87.30504030160012,1217320952.575179
276,30140,30140,310M700US30140,"Lebanon, PA","Lebanon, PA Metro Area",M1,1,G3110,937148927,1722125,+40.3714482,-076.4648185,169917.5627733524,105.58214098534332,938871016.6759571
246,31300,31300,310M700US31300,"Lumberton, NC","Lumberton, NC Micro Area",M2,2,G3110,2453501990,5055139,+34.6392096,-079.1008811,423547.2307138464,263.1807018491098,2458557151.4880395
,31340,31340,310M700US31340,"Lynchburg, VA","Lynchburg, VA Metro Area",M1,1,G3110,5492003806,68482555,+37.3649258,-079.2166894,1002827.8958177321,623.1299140130316,5560486561.792827
,31580,31580,310M700US31580,"Madisonville, KY","Madisonville, KY Micro Area",M2,2,G3110,1404616084,31313308,+37.3110702,-087.5421956,203110.23917754428,126.2071651593475,1435929417.1532853
,32100,32100,310M700US32100,"Marquette, MI","Marquette, MI Micro Area",M2,2,G3110,4685471876,4185286890,+46.6565964,-087.5840278,746575.6376944727,463.90174711028914,8870744429.496536
,32620,32620,310M700US32620,"McComb, MS","McComb, MS Micro Area",M2,2,G3110,2105953035,5144511,+31.1479721,-090.2502268,214523.99504520852,133.2993618782908,2111097534.940233
371,33180,33180,310M700US33180,"Middlesborough, KY","Middlesborough, KY Micro Area",M2,2,G3110,929803431,5484276,+36.7289281,-083.6807180,206871.27503486624,128.5441703026497,935287830.5488776
384,33740,33740,310M700US33740,"Monroe, LA","Monroe, LA Metro Area",M1,1,G3110,7349405278,181131265,+32.6739600,-092.0583184,1384307.8508873077,860.171157671659,7530537037.214436
336,34460,34460,310M700US34460,"Mount Sterling, KY","Mount Sterling, KY Micro Area",M2,2,G3110,1758363425,25561037,+38.0396165,-083.7477341,307445.1745480345,191.03804947868971,1783924630.8406034
209,34700,34700,310M700US34700,"Muscatine, IA","Muscatine, IA Micro Area",M2,2,G3110,1132964471,30262337,+41.4837760,-091.1186992,137982.52770745597,85.7385808514397,1163226835.3295598
,35060,35060,310M700US35060,"Natchitoches, LA","Natchitoches, LA Micro Area",M2,2,G3110,3245276854,120549024,+31.7325086,-093.0825461,750349.7429978555,466.2468732510567,3365826039.9099765
405,35300,35300,310M700US35300,"New Haven, CT","New Haven, CT Metro Area",M1,1,G3110,951177346,653525530,+41.2901671,-072.8370243,247277.51926914562,153.65150886024435,1604703218.9450934
548,20660,20660,310M700US20660,"Easton, MD","Easton, MD Micro Area",M2,2,G3110,695556087,539368999,+38.7483486,-076.1784757,34070.51207500523,21.170487327106287,1234925162.3767374
,20940,20940,310M700US20940,"El Centro, CA","El Centro, CA Metro Area",M1,1,G3110,10814374223,790135128,+33.0408143,-115.3554001,263178.11607678904,163.5317062129749,11604504448.304607
,13780,13780,310M700US13780,"Binghamton, NY","Binghamton, NY Metro Area",M1,1,G3110,3171226607,36122815,+42.1639276,-076.0229431,560794.8301994967,348.462618340125,3207349693.548097
500,14740,14740,310M700US14740,"Bremerton-Silverdale-Port Orchard, WA","Bremerton-Silverdale-Port Orchard, WA Metro Area",M1,1,G3110,1023271578,442224284,+47.6396874,-122.6496358,47941.76901524415,29.78970821283517,1465495797.960925
408,14860,14860,310M700US14860,"Bridgeport-Stamford-Danbury, CT","Bridgeport-Stamford-Danbury, CT Metro Area",M1,1,G3110,1741351783,553868040,+41.2524425,-073.3932673,388020.4844394522,241.10535029232616,2295220085.661285
368,32820,32820,310M700US32820,"Memphis, TN-MS-AR","Memphis, TN-MS-AR Metro Area",M1,1,G3110,12878502167,331687210,+35.0103070,-089.8205035,1290695.4315100813,802.0029524588225,13210189932.730646
176,33140,33140,310M700US33140,"Michigan City-La Porte, IN","Michigan City-La Porte, IN Metro Area",M1,1,G3110,1549559361,38775326,+41.5490129,-086.7447386,155630.1830592454,96.70435275283371,1588334679.085561
320,33900,33900,310M700US33900,"Monticello, IN","Monticello, IN Micro Area",M2,2,G3110,1308413377,9165592,+40.7509496,-086.8642934,132386.44135505366,82.26132536011885,1317579001.5618875
172,32000,32000,310M700US32000,"Marion, NC","Marion, NC Micro Area",M2,2,G3110,1139476689,13977729,+35.6822683,-082.0480453,172096.44818043878,106.9360409735909,1153454545.0549786
,25900,25900,310M700US25900,"Hilo-Kailua, HI","Hilo-Kailua, HI Micro Area",M2,2,G3110,10433586949,2739520970,+19.5977643,-155.5024434,425680.9374312085,264.5065290312852,13173109229.101864
,26740,26740,310M700US26740,"Hutchinson, KS","Hutchinson, KS Micro Area",M2,2,G3110,3251230773,43517491,+37.9481849,-098.0783463,318527.0935421609,197.9240518114015,3294748362.2478366
290,10700,10700,310M700US10700,"Albertville, AL","Albertville, AL Micro Area",M2,2,G3110,1465553966,148475491,+34.3095637,-086.3216681,213566.23855234418,132.70423810527558,1614029503.1050742
204,10860,10860,310M700US10860,"Alice, TX","Alice, TX Micro Area",M2,2,G3110,4684072362,9464998,+27.3597412,-098.1572140,25285.24651668608,15.711562824938223,4693537551.10073
,11060,11060,310M700US11060,"Altus, OK","Altus, OK Micro Area",M2,2,G3110,2078860497,4114418,+34.5940059,-099.4122347,315801.4538984019,196.23041364683777,2082975001.9053109
218,11180,11180,310M700US11180,"Ames, IA","Ames, IA Metro Area",M1,1,G3110,2960371309,11069988,+42.0361281,-093.6980079,376799.2346147485,234.13277158011888,2971441336.6420155
450,11360,11360,310M700US11360,"Anderson Creek, NC","Anderson Creek, NC Micro Area",M2,2,G3110,1541299781,16361612,+35.3686603,-078.8716648,229852.43827277314,142.82403859518382,1557661490.8671734
490,11640,11640,310M700US11640,"Arecibo, PR","Arecibo, PR Metro Area",M1,1,G3110,613528958,231467260,+18.4392239,-066.7599813,70778.73371175985,43.97997546308415,844996252.7758361
312,41140,41140,310M700US41140,"St. Joseph, MO-KS","St. Joseph, MO-KS Metro Area",M1,1,G3110,4288288502,51606441,+39.8348430,-094.7837537,509747.02253534965,316.74290239188093,4339895051.914012
,35740,35740,310M700US35740,"Norfolk, NE","Norfolk, NE Micro Area",M2,2,G3110,4075329032,19560834,+42.0431301,-097.4879515,435666.4732041775,270.71126872144947,4094889997.8319416
,11660,11660,310M700US11660,"Arkadelphia, AR","Arkadelphia, AR Micro Area",M2,2,G3110,2242855175,43965580,+34.0533162,-093.1762085,395020.1204965169,245.4547333046571,2286820901.511851
312,11860,11860,310M700US11860,"Atchison, KS","Atchison, KS Micro Area",M2,2,G3110,1116736556,6851102,+39.5325441,-095.3133975,136533.2723065582,84.83805305687935,1123587696.6604047
198,11900,11900,310M700US11900,"Athens, OH","Athens, OH Micro Area",M2,2,G3110,1304429458,12364206,+39.3327548,-082.0458853,225585.73987016006,140.17282853229278,1316793736.720632
206,11980,11980,310M700US11980,"Athens, TX","Athens, TX Micro Area",M2,2,G3110,2263100622,193314985,+32.2116334,-095.8534183,257785.84991703593,160.18109903254498,2456415749.9021654
122,12020,12020,310M700US12020,"Athens-Clarke County, GA","Athens-Clarke County, GA Metro Area",M1,1,G3110,2654858911,26147490,+33.9439840,-083.2138965,398224.89578053245,247.44609329323353,2681006483.343221
428,12100,12100,310M700US12100,"Atlantic City-Hammonton, NJ","Atlantic City-Hammonton, NJ Metro Area",M1,1,G3110,2090370406,1256261956,+39.2861857,-074.7383113,172035.84576580772,106.89838428536402,3346632367.1390996
258,12140,12140,310M700US12140,"Auburn, IN","Auburn, IN Micro Area",M2,2,G3110,939735805,2657419,+41.3967596,-085.0026969,123756.89632942187,76.8991613514993,942393219.9502252
532,12180,12180,310M700US12180,"Auburn, NY","Auburn, NY Micro Area",M2,2,G3110,1791207571,445691131,+43.0085456,-076.5745866,276571.361390275,171.8539037060379,2236894645.174962
,12520,12520,310M700US12520,"Baker City, OR","Baker City, OR Micro Area",M2,2,G3110,7945997815,51831633,+44.7034268,-117.6919334,975366.8666378909,606.0663791603334,7997830001.455194
538,12780,12780,310M700US12780,"Bartlesville, OK","Bartlesville, OK Micro Area",M2,2,G3110,1076201514,22871165,+36.7044030,-095.9062525,161066.14997846735,100.08211439376848,1099072684.508517
464,12860,12860,310M700US12860,"Batavia, NY","Batavia, NY Micro Area",M2,2,G3110,1276803035,6136678,+43.0009096,-078.1927784,263044.2373138848,163.4485175996898,1282939724.5162518
468,40260,40260,310M700US40260,"Roanoke Rapids, NC","Roanoke Rapids, NC Micro Area",M2,2,G3110,3264558690,52757851,+36.3205759,-077.5427565,427918.9968764059,265.89719815353243,3317316745.216345
468,40580,40580,310M700US40580,"Rocky Mount, NC","Rocky Mount, NC Metro Area",M1,1,G3110,2708816803,9880964,+35.9410455,-077.7985494,495918.9597405471,308.15052117050914,2718697880.178939
488,33700,33700,310M700US33700,"Modesto, CA","Modesto, CA Metro Area",M1,1,G3110,3875010973,46378776,+37.5623162,-121.0028311,280482.61227648245,174.2842483729246,3921390046.0392194
,34220,34220,310M700US34220,"Moultrie, GA","Moultrie, GA Micro Area",M2,2,G3110,1416897847,24790675,+31.1897142,-083.7698728,195393.22724451392,121.4120243357612,1441688545.2701473
334,30020,30020,310M700US30020,"Lawton, OK","Lawton, OK Metro Area",M1,1,G3110,4408054163,61648154,+34.5291130,-098.4309024,410583.9020891738,255.12564286550625,4469702414.877627
438,30340,30340,310M700US30340,"Lewiston-Auburn, ME","Lewiston-Auburn, ME Metro Area",M1,1,G3110,1212001626,75535494,+44.1676811,-070.2074347,235537.41794434,146.35652997150385,1287537133.1868927
148,31700,31700,310M700US31700,"Manchester-Nashua, NH","Manchester-Nashua, NH Metro Area",M1,1,G3110,2270202132,41310055,+42.9115317,-071.7230554,528723.3461520638,328.534272529151,2311512188.8729653
425,31930,31930,310M700US31930,"Marietta, OH","Marietta, OH Micro Area",M2,2,G3110,1637293170,20665052,+39.4506764,-081.4906359,303820.634763878,188.7858592739123,1657958250.5429664
,32140,32140,310M700US32140,"Marshall, MN","Marshall, MN Micro Area",M2,2,G3110,1850315166,18794793,+44.4091953,-095.8472678,254880.37630465665,158.37571694275707,1869109963.4201353
,38180,38180,310M700US38180,"Pierre, SD","Pierre, SD Micro Area",M2,2,G3110,5661617808,341706912,+44.4048969,-100.4848175,161698.4241418017,100.4749923209525,6003325701.964925
352,38380,38380,310M700US38380,"Plainview, TX","Plainview, TX Micro Area",M2,2,G3110,5171746708,1230415,+34.0669330,-101.5714224,32236.454381374228,20.030853878841157,5172977271.119329
,27980,27980,310M700US27980,"Kahului-Wailuku, HI","Kahului-Wailuku, HI Metro Area",M1,1,G3110,3039431892,3309033240,+20.8559308,-156.6015502,319195.8346510578,198.339589304347,6348465341.473155
176,28450,28450,310M700US28450,"Kenosha, WI","Kenosha, WI Metro Area",M1,1,G3110,704044386,1248872159,+42.5875256,-087.8799955,85182.61129594591,52.930152295938655,1952915653.0895796
,28820,28820,310M700US28820,"Kinston, NC","Kinston, NC Micro Area",M2,2,G3110,1033630007,5900299,+35.2400662,-077.6355141,169853.00526339107,105.54202670870734,1039530302.5538869
146,44980,44980,310M700US44980,"Sunbury, PA","Sunbury, PA Micro Area",M2,2,G3110,1522937225,55812858,+40.8855143,-076.7126486,258843.20377477695,160.83810989273675,1578750113.8364553
532,45060,45060,310M700US45060,"Syracuse, NY","Syracuse, NY Metro Area",M1,1,G3110,6176777904,1020628938,+43.0065163,-076.1961336,1154911.7767124397,717.6306912848993,7197405820.943679
,45620,45620,310M700US45620,"Thomasville, GA","Thomasville, GA Micro Area",M2,2,G3110,2587659787,34656600,+30.8630101,-084.0581945,238354.96007392864,148.10727383519247,2622316390.198011
,45820,45820,310M700US45820,"Topeka, KS","Topeka, KS Metro Area",M1,1,G3110,8372652483,148292122,+39.0413888,-095.8026393,1003645.2895354851,623.6378201843521,8520944844.727487
,45340,45340,310M700US45340,"Taos, NM","Taos, NM Micro Area",M2,2,G3110,5704119619,3383128,+36.5771832,-105.6388781,564716.2282392627,350.89926817158755,5707503225.82196
405,45860,45860,310M700US45860,"Torrington, CT","Torrington, CT Micro Area",M2,2,G3110,2037392871,55597912,+41.8548092,-073.2214944,413010.83178028045,256.63367080932585,2092990750.9165022
,45980,45980,310M700US45980,"Troy, AL","Troy, AL Micro Area",M2,2,G3110,1740645367,2339145,+31.7986533,-085.9416076,225859.59066835264,140.34299195219944,1742984572.9499285
472,46020,46020,310M700US46020,"Truckee-Grass Valley, CA","Truckee-Grass Valley, CA Micro Area",M2,2,G3110,2480587306,41531993,+39.2975082,-120.7713429,356855.70411874057,221.74040545735556,2522119458.248756
400,46100,46100,310M700US46100,"Tullahoma-Manchester, TN","Tullahoma-Manchester, TN Micro Area",M2,2,G3110,1445695252,17572915,+35.4467396,-086.1343239,216707.44627888978,134.65609894670473,1463268229.3982844
538,46140,46140,310M700US46140,"Tulsa, OK","Tulsa, OK Metro Area",M1,1,G3110,16239951478,491834360,+36.2544416,-096.1772979,2015612.8213117956,1252.4468548049485,16731786636.163576
,46220,46220,310M700US46220,"Tuscaloosa, AL","Tuscaloosa, AL Metro Area",M1,1,G3110,9047512881,167101990,+33.0978769,-087.7991473,1347029.096319617,837.0071559270366,9214615496.52768
542,46460,46460,310M700US46460,"Union City, TN","Union City, TN Micro Area",M2,2,G3110,1411156591,27440690,+36.3618921,-089.1480777,167801.56749325292,104.26731920740983,1438597346.144499
,46520,46520,310M700US46520,"Urban Honolulu, HI","Urban Honolulu, HI Metro Area",M1,1,G3110,1556040330,4054449312,+21.4613654,-158.2019740,284015.33475813176,176.47938580917133,5610486531.997681
490,46580,46580,310M700US46580,"Utuado, PR","Utuado, PR Micro Area",M2,2,G3110,294095377,3904417,+18.2708650,-066.7029886,57226.98483969568,35.55928818005871,297999805.7028063
,45460,45460,310M700US45460,"Terre Haute, IN","Terre Haute, IN Metro Area",M1,1,G3110,3795165825,50448749,+39.3923890,-087.3470958,581823.8328464655,361.529467263888,3845614659.246501
,45500,45500,310M700US45500,"Texarkana, TX-AR","Texarkana, TX-AR Metro Area",M1,1,G3110,5284184738,218347160,+33.4783728,-094.2071619,905127.9908987009,562.4218567230672,5502532327.464188
488,46700,46700,310M700US46700,"Vallejo, CA","Vallejo, CA Metro Area",M1,1,G3110,2128290837,218611505,+38.2672255,-121.9395940,155355.42468374176,96.53362538912955,2346902432.5920863
,46900,46900,310M700US46900,"Vernon, TX","Vernon, TX Micro Area",M2,2,G3110,2514738108,18202665,+34.0849199,-099.2424397,209923.8095236427,130.44093201165865,2532940963.2810087
298,46980,46980,310M700US46980,"Vicksburg, MS","Vicksburg, MS Micro Area",M2,2,G3110,1524302184,77744204,+32.3560946,-090.8523838,230902.24096404834,143.47635736640385,1602046639.4121788
,47180,47180,310M700US47180,"Vincennes, IN","Vincennes, IN Micro Area",M2,2,G3110,1335995227,20908211,+38.6883810,-087.4203583,208413.02001936105,129.50216860288134,1356903510.498245
,47240,47240,310M700US47240,"Vineyard Haven, MA","Vineyard Haven, MA Micro Area",M2,2,G3110,267293162,1004291251,+41.3809696,-070.7014995,0.0,0.0,1271584177.6867673
,47380,47380,310M700US47380,"Waco, TX","Waco, TX Metro Area",M1,1,G3110,7213576414,133479852,+31.5921004,-097.2860178,861567.0136482944,535.3542530778421,7347056488.2906275
356,47580,47580,310M700US47580,"Warner Robins, GA","Warner Robins, GA Metro Area",M1,1,G3110,1363472888,12384690,+32.4928056,-083.7110844,152466.50291356616,94.73852816282835,1375857610.8633585
515,47700,47700,310M700US47700,"Warsaw, IN","Warsaw, IN Micro Area",M2,2,G3110,1376443874,59427459,+41.2442928,-085.8615754,144947.77720871818,90.06659699548771,1435871339.3232453
,47780,47780,310M700US47780,"Washington, IN","Washington, IN Micro Area",M2,2,G3110,1112436825,19061974,+38.6960898,-087.0769430,223402.1557964744,138.8160089207218,1131498811.3201473
206,43300,43300,310M700US43300,"Sherman-Denison, TX","Sherman-Denison, TX Metro Area",M1,1,G3110,2416024459,120093899,+33.6245482,-096.6757774,220850.01301049846,137.23017697347885,2536118403.211679
361,27020,27020,310M700US27020,"Iron Mountain, MI-WI","Iron Mountain, MI-WI Micro Area",M2,2,G3110,3234840278,64598960,+45.9477052,-088.0809696,654787.5909830539,406.86715733347455,3299439600.609849
,30900,30900,310M700US30900,"Logansport, IN","Logansport, IN Micro Area",M2,2,G3110,1067448392,7002034,+40.7537986,-086.3551685,157446.17079058997,97.83275801918177,1074450420.411582
,15220,15220,310M700US15220,"Brownwood, TX","Brownwood, TX Micro Area",M2,2,G3110,2446120264,32375524,+31.7641372,-098.9984560,102857.67008431144,63.91295194571156,2478496010.922218
178,17140,17140,310M700US17140,"Cincinnati, OH-KY-IN","Cincinnati, OH-KY-IN Metro Area",M1,1,G3110,11357649906,208697728,+39.0785953,-084.4635350,1907949.7361527118,1185.5479489434874,11566348113.244757
,19620,19620,310M700US19620,"Del Rio, TX","Del Rio, TX Micro Area",M2,2,G3110,8144864531,227710450,+29.8752853,-101.1433237,365091.2186283667,226.85772964592115,8372575953.854418
,24220,24220,310M700US24220,"Grand Forks, ND-MN","Grand Forks, ND-MN Metro Area",M1,1,G3110,8824638833,77690745,+47.8359290,-096.8426809,734002.6681659415,456.08924662653106,8902330145.50672
456,39900,39900,310M700US39900,"Reno, NV","Reno, NV Metro Area",M1,1,G3110,22229187846,644087621,+40.2510571,-119.5555069,839431.1633616578,521.5996392071643,22873277243.467716
464,40380,40380,310M700US40380,"Rochester, NY","Rochester, NY Metro Area",M1,1,G3110,7582806754,5030120016,+43.1847180,-077.5565575,1322479.3583358992,821.7526180520581,12612918812.058357
220,33780,33780,310M700US33780,"Monroe, MI","Monroe, MI Metro Area",M1,1,G3110,1422829735,338191910,+41.9160970,-083.4871059,244398.5527729133,151.86259756975736,1761023371.0987148
338,30620,30620,310M700US30620,"Lima, OH","Lima, OH Metro Area",M1,1,G3110,1042587385,11152061,+40.7716274,-084.1061032,184074.37952033652,114.37880094966665,1053739477.22765
542,32280,32280,310M700US32280,"Martin, TN","Martin, TN Micro Area",M2,2,G3110,1503107799,3707114,+36.3035963,-088.7211938,202189.4072684027,125.63498531596971,1506814961.9649277
544,47020,47020,310M700US47020,"Victoria, TX","Victoria, TX Metro Area",M1,1,G3110,4491292607,36526857,+28.7314546,-097.1969934,442877.6963841723,275.1921262033954,4527819788.546863
428,47220,47220,310M700US47220,"Vineland, NJ","Vineland, NJ Metro Area",M1,1,G3110,1251948168,503663195,+39.3284336,-075.1216277,138668.242186211,86.16466513366412,1755611999.6098187
,47300,47300,310M700US47300,"Visalia, CA","Visalia, CA Metro Area",M1,1,G3110,12493843648,37260863,+36.2288339,-118.7810551,1005209.9267659747,624.6100431021256,12531105144.324186
244,47420,47420,310M700US47420,"Wahpeton, ND-MN","Wahpeton, ND-MN Micro Area",M2,2,G3110,5663558847,25515714,+46.2939501,-096.7907012,448579.0467890899,278.7347899070985,5689074707.012513
,47620,47620,310M700US47620,"Warren, PA","Warren, PA Micro Area",M2,2,G3110,2290308796,37339464,+41.8342984,-079.2981823,304915.7972251194,189.46636336952997,2327648406.9342246
548,47900,47900,310M700US47900,"Washington-Arlington-Alexandria, DC-VA-MD-WV","Washington-Arlington-Alexandria, DC-VA-MD-WV Metro Area",M1,1,G3110,15627121948,784736319,+38.8297866,-077.4956841,2548464.838674083,1583.5465710627232,16411858769.555729
120,48200,48200,310M700US48200,"Waynesville, NC","Waynesville, NC Micro Area",M2,2,G3110,1433713848,2438478,+35.5588823,-082.9813074,256793.26694905583,159.5643350373792,1436152445.1702685
,21820,21820,310M700US21820,"Fairbanks-College, AK","Fairbanks-College, AK Metro Area",M1,1,G3110,18997546107,258865394,+64.6704543,-146.4960611,4830877.143330716,3001.7753509704075,19256412922.66813
456,21980,21980,310M700US21980,"Fallon, NV","Fallon, NV Micro Area",M2,2,G3110,12820847801,190742991,+39.5377097,-118.2641661,89243.20201702349,55.453292664709444,13011591018.397446
,22140,22140,310M700US22140,"Farmington, NM","Farmington, NM Metro Area",M1,1,G3110,14289558282,54900394,+36.5116245,-108.3245778,496029.87961281306,308.21944375508787,14344459874.080288
,22380,22380,310M700US22380,"Flagstaff, AZ","Flagstaff, AZ Metro Area",M1,1,G3110,48216164929,116604557,+35.8296919,-111.7737277,755934.751651261,469.7172453622361,48332774788.35554
298,15020,15020,310M700US15020,"Brookhaven, MS","Brookhaven, MS Micro Area",M2,2,G3110,1518269765,5291052,+31.5352155,-090.4535663,155116.05325463257,96.3848865091482,1523560871.8264613
198,15740,15740,310M700US15740,"Cambridge, OH","Cambridge, OH Micro Area",M2,2,G3110,1352599514,15666081,+40.0566648,-081.4978750,255307.3060505537,158.64099944732234,1368265664.3489966
148,18180,18180,310M700US18180,"Concord, NH","Concord, NH Micro Area",M2,2,G3110,2416073580,57302046,+43.2995786,-071.6800412,475655.7488605682,295.5595143727045,2473375668.1038136
,20140,20140,310M700US20140,"Dublin, GA","Dublin, GA Micro Area",M2,2,G3110,2875805274,38095092,+32.5303545,-082.8566216,351132.81138102623,218.1843559353687,2913900386.306062
,40740,40740,310M700US40740,"Roswell, NM","Roswell, NM Micro Area",M2,2,G3110,15713917226,20469858,+33.3616045,-104.4698374,217795.6401967939,135.3322729794785,15734388799.771599
,38740,38740,310M700US38740,"Poplar Bluff, MO","Poplar Bluff, MO Micro Area",M2,2,G3110,1799405241,11196956,+36.7151802,-090.4031300,237210.66994445122,147.39624314591774,1810602245.82959
448,39500,39500,310M700US39500,"Quincy, IL-MO","Quincy, IL-MO Micro Area",M2,2,G3110,3522817270,56717431,+40.0271652,-091.3898384,479702.2158934466,298.07387866668734,3579534871.724073
233,40090,40090,310M700US40090,"Rifle, CO","Rifle, CO Micro Area",M2,2,G3110,10147901555,28179818,+39.5094659,-107.6670613,1317271.7390422476,818.5167454001315,10176082372.564548
209,19340,19340,310M700US19340,"Davenport-Moline-Rock Island, IA-IL","Davenport-Moline-Rock Island, IA-IL Metro Area",M1,1,G3110,5879334987,113708971,+41.3916799,-090.4600760,734852.5671276095,456.61735067021857,5993044127.939146
258,19540,19540,310M700US19540,"Decatur, IN","Decatur, IN Micro Area",M2,2,G3110,877812921,2693850,+40.7457297,-084.9361340,114787.7359858439,71.32596964335933,880506801.2740968
422,19660,19660,310M700US19660,"Deltona-Daytona Beach-Ormond Beach, FL","Deltona-Daytona Beach-Ormond Beach, FL Metro Area",M1,1,G3110,4111380413,1077052954,+29.1789002,-081.1890231,195373.17042525025,121.39956157508685,5188435615.776943
216,19740,19740,310M700US19740,"Denver-Aurora-Centennial, CO","Denver-Aurora-Centennial, CO Metro Area",M1,1,G3110,21612754531,149054847,+39.4347890,-104.9010728,1660248.8212517677,1031.6333535808267,21761811243.063828
228,20260,20260,310M700US20260,"Duluth, MN-WI","Duluth, MN-WI Metro Area",M1,1,G3110,21791092345,2076620159,+47.3297029,-092.3762703,3897524.210993949,2421.815285144189,23867710947.926086
206,20460,20460,310M700US20460,"Durant, OK","Durant, OK Micro Area",M2,2,G3110,2342251263,101807803,+33.9640035,-096.2651348,386939.67321574857,240.43376366445162,2444059232.6077614
,20980,20980,310M700US20980,"El Dorado, AR","El Dorado, AR Micro Area",M2,2,G3110,2691170084,42102269,+33.1682186,-092.5981447,322623.0162579104,200.4691465183929,2733272385.733705
,35900,35900,310M700US35900,"North Wilkesboro, NC","North Wilkesboro, NC Micro Area",M2,2,G3110,1952016297,6854041,+36.2088833,-081.1660949,403083.6408805854,250.46518503273728,1958870458.727813
416,36420,36420,310M700US36420,"Oklahoma City, OK","Oklahoma City, OK Metro Area",M1,1,G3110,14275409647,181028873,+35.4309676,-097.5069659,1716829.0932425435,1066.7907920281257,14456438900.70977
420,36540,36540,310M700US36540,"Omaha, NE-IA","Omaha, NE-IA Metro Area",M1,1,G3110,11255255228,159338241,+41.2904587,-095.9999701,1446038.54016991,898.5289250064686,11414593685.808907
152,18860,18860,310M700US18860,"Crescent City, CA","Crescent City, CA Micro Area",M2,2,G3110,2606049837,578810830,+41.7499033,-123.9809983,382569.05438089115,237.7179802781831,3184860941.465073
,18880,18880,310M700US18880,"Crestview-Fort Walton Beach-Destin, FL","Crestview-Fort Walton Beach-Destin, FL Metro Area",M1,1,G3110,5097635914,1781729183,+30.5949415,-086.3581638,649921.5057608153,403.843504642161,6879365428.787959
,19260,19260,310M700US19260,"Danville, VA","Danville, VA Micro Area",M2,2,G3110,2620563967,26231518,+36.8118530,-079.4001219,572906.1186472243,355.98824278724464,2646795536.1908765
147,34300,34300,310M700US34300,"Mountain Home, ID","Mountain Home, ID Micro Area",M2,2,G3110,7964417385,68330393,+43.3946984,-115.4712050,800814.5962212965,497.604357203137,8032748297.988298
268,34340,34340,310M700US34340,"Mount Airy, NC","Mount Airy, NC Micro Area",M2,2,G3110,1379542808,10391699,+36.4154160,-080.6864631,253620.44028558614,157.59282705058357,1389934599.835077
394,34380,34380,310M700US34380,"Mount Pleasant, MI","Mount Pleasant, MI Micro Area",M2,2,G3110,1483287228,12943517,+43.6452331,-084.8394245,220953.91044723266,137.2947360080733,1496230772.1202064
500,34580,34580,310M700US34580,"Mount Vernon-Anacortes, WA","Mount Vernon-Anacortes, WA Metro Area",M1,1,G3110,4481279020,483819796,+48.4932917,-121.8157703,722043.7880093934,448.6583245363897,4965099231.145799
294,34620,34620,310M700US34620,"Muncie, IN","Muncie, IN Metro Area",M1,1,G3110,1015558816,9841207,+40.2275433,-085.3992617,179052.2090714854,111.25816115394225,1025400041.0392023
396,34820,34820,310M700US34820,"Myrtle Beach-Conway-North Myrtle Beach, SC","Myrtle Beach-Conway-North Myrtle Beach, SC Metro Area",M1,1,G3110,2934846232,314878229,+33.9092694,-078.9766749,244334.97583522904,151.82309259400068,3249724651.45971
,34860,34860,310M700US34860,"Nacogdoches, TX","Nacogdoches, TX Micro Area",M2,2,G3110,2450966942,89731149,+31.6205598,-094.6202497,454673.2871195911,282.5215846990637,2540698323.2160597
163,34940,34940,310M700US34940,"Naples-Marco Island, FL","Naples-Marco Island, FL Metro Area",M1,1,G3110,5172241142,1574780822,+26.1187860,-081.4009553,35992.69665429711,22.36488041948694,6747021681.13148
404,35100,35100,310M700US35100,"New Bern, NC","New Bern, NC Micro Area",M2,2,G3110,3922334711,761933610,+35.1168292,-077.0813197,395879.1653735556,245.9885203708077,4684268603.317032
,35440,35440,310M700US35440,"Newport, OR","Newport, OR Micro Area",M2,2,G3110,2540749718,553128891,+44.6410607,-123.9112121,412577.5907745307,256.36446665995425,3093878696.8037524
359,35580,35580,310M700US35580,"New Ulm, MN","New Ulm, MN Micro Area",M2,2,G3110,1582765966,18533954,+44.2465415,-094.7336472,243029.00901989237,151.0116004199811,1601299971.4888024
412,35840,35840,310M700US35840,"North Port-Bradenton-Sarasota, FL","North Port-Bradenton-Sarasota, FL Metro Area",M1,1,G3110,3363923460,1659572972,+27.3290555,-082.4145331,410220.4445742012,254.89980027477176,5023499102.977193
500,36020,36020,310M700US36020,"Oak Harbor, WA","Oak Harbor, WA Micro Area",M2,2,G3110,540526441,799338264,+48.1585538,-122.6706492,0.0,0.0,1339864945.6484895
480,36180,36180,310M700US36180,"Ocean Pines, MD","Ocean Pines, MD Micro Area",M2,2,G3110,1212887631,586799918,+38.2221332,-075.3099315,142848.18756774426,88.76196923443416,1799687833.7925835
372,36220,36220,310M700US36220,"Odessa, TX","Odessa, TX Metro Area",M1,1,G3110,2325508574,10188915,+31.8653008,-102.5425068,4788.661079077167,2.9755434395945963,2335697551.18878
482,36260,36260,310M700US36260,"Ogden, UT","Ogden, UT Metro Area",M1,1,G3110,4001479256,935171842,+41.1243423,-111.8669334,323597.62079037656,201.0747392038827,4936651920.854946
370,36380,36380,310M700US36380,"Okeechobee, FL","Okeechobee, FL Micro Area",M2,2,G3110,1992482228,317885012,+27.3855924,-080.8873884,138979.37604702899,86.35799523222501,2310367241.6875286
,15420,15420,310M700US15420,"Burley, ID","Burley, ID Micro Area",M2,2,G3110,8606105977,52489364,+42.3691987,-113.6424237,395031.19911635,245.46161725698113,8658596190.233099
268,15500,15500,310M700US15500,"Burlington, NC","Burlington, NC Metro Area",M1,1,G3110,1096770315,27906243,+36.0439535,-079.4005733,205634.15846341403,127.7754597930916,1124676547.393296
,15620,15620,310M700US15620,"Cadillac, MI","Cadillac, MI Micro Area",M2,2,G3110,2925957465,50755709,+44.3287385,-085.3264287,356426.91642989375,221.47396847769505,2976713299.940548
548,15700,15700,310M700US15700,"Cambridge, MD","Cambridge, MD Micro Area",M2,2,G3110,1400573754,1145353067,+38.4291957,-076.0474333,232346.92918986693,144.3740472428865,2545927265.6141963
,15780,15780,310M700US15780,"Camden, AR","Camden, AR Micro Area",M2,2,G3110,3525807519,28071063,+33.5675127,-092.7082175,492622.32513619843,306.10208230467055,3553878780.6615796
184,15940,15940,310M700US15940,"Canton-Massillon, OH","Canton-Massillon, OH Metro Area",M1,1,G3110,2511285724,24789639,+40.7110505,-081.2614680,380440.31157861446,236.39523753750885,2536075410.1120286
456,16180,16180,310M700US16180,"Carson City, NV","Carson City, NV Metro Area",M1,1,G3110,374341370,32594082,+39.1530598,-119.7473681,26611.834145967747,16.535868210550753,406935486.0913403
168,16300,16300,310M700US16300,"Cedar Rapids, IA","Cedar Rapids, IA Metro Area",M1,1,G3110,5202595806,29469265,+42.0862886,-091.6310949,726469.8955631284,451.40858709976044,5232065144.303665
122,16340,16340,310M700US16340,"Cedartown, GA","Cedartown, GA Micro Area",M2,2,G3110,803776464,4663881,+33.9960153,-085.1883384,91176.45318268983,56.654562232150965,808440355.283379
476,16460,16460,310M700US16460,"Centralia, IL","Centralia, IL Micro Area",M2,2,G3110,1482866786,9232943,+38.6482361,-088.9203624,229985.93191667492,142.90698790602045,1492099758.9898033
548,16540,16540,310M700US16540,"Chambersburg, PA","Chambersburg, PA Metro Area",M1,1,G3110,2000193444,1553435,+39.9267722,-077.7245208,368257.8085987257,228.82536232165094,2001747070.8454754
,16660,16660,310M700US16660,"Charleston-Mattoon, IL","Charleston-Mattoon, IL Micro Area",M2,2,G3110,1316418025,4650073,+39.5136797,-088.2207820,215854.74695638302,134.12625483513926,1321068108.4803762
172,16740,16740,310M700US16740,"Charlotte-Concord-Gastonia, NC-SC","Charlotte-Concord-Gastonia, NC-SC Metro Area",M1,1,G3110,14497151006,302072282,+35.1663423,-080.7972848,2440639.5225393265,1516.5468592959392,14799223622.273603
368,17260,17260,310M700US17260,"Clarksdale, MS","Clarksdale, MS Micro Area",M2,2,G3110,1432526488,77525442,+34.2303156,-090.6040104,173682.65589895647,107.9216672045413,1510052047.2213392
184,17410,17410,310M700US17410,"Cleveland, OH","Cleveland, OH Metro Area",M1,1,G3110,6996797989,6852681067,+41.6675481,-081.4305203,1257602.054820889,781.4396304204761,13849468839.368614
,17580,17580,310M700US17580,"Clovis, NM","Clovis, NM Micro Area",M2,2,G3110,9975534016,26671378,+34.2215510,-103.4312415,1591.105283330949,0.9886694442013181,10002206310.028967
,17650,17650,310M700US17650,"Cody, WY","Cody, WY Micro Area",M2,2,G3110,17972027719,67638744,+44.4923865,-109.5935975,2823084.77309895,1754.1879112548934,18039667292.520596
518,17660,17660,310M700US17660,"Coeur d'Alene, ID","Coeur d'Alene, ID Metro Area",M1,1,G3110,3205870033,184411362,+47.6759605,-116.6958613,322202.73383367126,200.2079944782776,3390281771.1002054
198,32020,32020,310M700US32020,"Marion, OH","Marion, OH Micro Area",M2,2,G3110,1045855309,908577,+40.5880337,-083.1688034,174207.76229900453,108.24795400537148,1046763901.4509703
166,32060,32060,310M700US32060,"Marion-Herrin, IL","Marion-Herrin, IL Micro Area",M2,2,G3110,1088353644,62455779,+37.7303533,-088.9300182,166738.43642731706,103.60671854755184,1150809403.6141665
,32180,32180,310M700US32180,"Marshall, MO","Marshall, MO Micro Area",M2,2,G3110,1956761958,29542462,+39.1358403,-093.2041639,169069.66329053068,105.05527936329842,1986304453.474131
,32340,32340,310M700US32340,"Maryville, MO","Maryville, MO Micro Area",M2,2,G3110,2271326607,2361588,+40.3611359,-094.8831457,343271.0333975367,213.29926143483462,2273688226.5476694
,32380,32380,310M700US32380,"Mason City, IA","Mason City, IA Micro Area",M2,2,G3110,2508210926,22362730,+43.2137325,-093.2743388,305100.887226436,189.5813732501746,2530573734.7922025
364,32420,32420,310M700US32420,"Mayagüez, PR","Mayagüez, PR Metro Area",M1,1,G3110,803039015,892871868,+18.0192258,-067.1666383,86891.8625008404,53.99223439474593,1695911031.8697453
424,32460,32460,310M700US32460,"Mayfield, KY","Mayfield, KY Micro Area",M2,2,G3110,1429043468,13029522,+36.7233435,-088.6498974,172400.7616069666,107.12513304023179,1442073029.1701736
232,32860,32860,310M700US32860,"Menomonie, WI","Menomonie, WI Micro Area",M2,2,G3110,2201904315,35571132,+44.9477513,-091.8976451,429969.7137903446,267.1714577344406,2237475522.459907
,32940,32940,310M700US32940,"Meridian, MS","Meridian, MS Micro Area",M2,2,G3110,3613684139,34801600,+32.2197008,-088.6704006,479249.11290497245,297.792332822755,3648485919.953397
190,33020,33020,310M700US33020,"Mexico, MO","Mexico, MO Micro Area",M2,2,G3110,1792918425,11843439,+39.2144810,-091.8434182,251714.02116464553,156.40823018420318,1804761898.3155384
309,33060,33060,310M700US33060,"Miami, OK","Miami, OK Micro Area",M2,2,G3110,1219410531,35714103,+36.8357635,-094.8026814,146359.54540477705,90.94383126298797,1255124711.699595
,33300,33300,310M700US33300,"Milledgeville, GA","Milledgeville, GA Micro Area",M2,2,G3110,670028048,24803188,+33.0594897,-083.2554566,32548.33827057039,20.224650024587962,694831266.241102
376,33340,33340,310M700US33340,"Milwaukee-Waukesha, WI","Milwaukee-Waukesha, WI Metro Area",M1,1,G3110,3768016694,4835686155,+42.9126431,-087.8623115,620083.7749055754,385.3031521652202,8603700720.389826
,33540,33540,310M700US33540,"Missoula, MT","Missoula, MT Metro Area",M1,1,G3110,9874664293,74480014,+47.0695448,-114.2626684,1244429.006148265,773.2542571167467,9949144942.129654
380,33660,33660,310M700US33660,"Mobile, AL","Mobile, AL Metro Area",M1,1,G3110,3184085284,1073989994,+30.6845725,-088.1965682,424948.844871365,264.0516266738943,4258075408.806653
404,33980,33980,310M700US33980,"Morehead City, NC","Morehead City, NC Micro Area",M2,2,G3110,1314695711,2131054884,+34.8583428,-076.5358602,41389.42178865068,25.718258285167014,3445750688.246088
,34020,34020,310M700US34020,"Morgan City, LA","Morgan City, LA Micro Area",M2,2,G3110,1446581822,1453489233,+29.6293488,-091.4638037,137064.78475385724,85.16832040082099,2900070693.414726
315,34100,34100,310M700US34100,"Morristown, TN","Morristown, TN Metro Area",M1,1,G3110,1130124254,139279702,+36.1154845,-083.3765460,103162.87236840831,64.1025963242126,1269403974.5667756
273,24940,24940,310M700US24940,"Greenwood, SC","Greenwood, SC Micro Area",M2,2,G3110,2452202349,74471958,+34.1907550,-082.2966767,435276.4726049659,270.4689329818223,2526674392.887561
490,25020,25020,310M700US25020,"Guayama, PR","Guayama, PR Metro Area",M1,1,G3110,328025738,235729639,+17.9791547,-066.0694732,19807.64666436263,12.307931614427424,563755629.7685978
,25100,25100,310M700US25100,"Guymon, OK","Guymon, OK Micro Area",M2,2,G3110,5286923170,19169341,+36.7463169,-101.4838549,183603.7884599632,114.08638849463955,5306092705.22272
,25200,25200,310M700US25200,"Hailey, ID","Hailey, ID Micro Area",M2,2,G3110,12725480830,67793449,+43.3254856,-114.1973396,960470.3472071614,596.810088115104,12793275161.22661
132,25220,25220,310M700US25220,"Hammond, LA","Hammond, LA Metro Area",M1,1,G3110,2049146774,136668419,+30.6213483,-090.4064899,410737.6577279943,255.22118242757549,2185815184.066862
,25460,25460,310M700US25460,"Harrison, AR","Harrison, AR Micro Area",M2,2,G3110,3653951647,37733895,+36.0878092,-093.1620533,462714.2044328453,287.51799149517524,3691685790.5937696
405,25540,25540,310M700US25540,"Hartford-West Hartford-East Hartford, CT","Hartford-West Hartford-East Hartford, CT Metro Area",M1,1,G3110,3759304261,289847810,+41.6880385,-072.5451122,912710.8607285016,567.1336453008697,4049152362.303954
,25700,25700,310M700US25700,"Hays, KS","Hays, KS Micro Area",M2,2,G3110,2330818742,1140645,+38.9145967,-099.3173133,288013.95398305665,178.96401877978343,2331959433.643522
,25820,25820,310M700US25820,"Hereford, TX","Hereford, TX Micro Area",M2,2,G3110,3876750569,3926557,+34.9407663,-102.6075637,27168.29738232304,16.881639294569847,3880677330.2238536
,25880,25880,310M700US25880,"Hillsdale, MI","Hillsdale, MI Micro Area",M2,2,G3110,1549244317,22901955,+41.9274606,-084.6374794,303647.5435269621,188.67830509833976,1572146334.6918523
496,25980,25980,310M700US25980,"Hinesville, GA","Hinesville, GA Metro Area",M1,1,G3110,2374660671,231746815,+31.7787881,-081.5764801,253076.09240226162,157.25458411663269,2606407992.413886
,26340,26340,310M700US26340,"Houghton, MI","Houghton, MI Micro Area",M2,2,G3110,4012447111,15329022675,+47.3672969,-088.3513318,401584.47327148,249.5336431527707,19341447589.85412
,26380,26380,310M700US26380,"Houma-Bayou Cane-Thibodaux, LA","Houma-Bayou Cane-Thibodaux, LA Metro Area",M1,1,G3110,5955886907,3240312923,+29.3341299,-090.8436739,290333.6716216542,180.4054280771336,9196199402.43492
258,26540,26540,310M700US26540,"Huntington, IN","Huntington, IN Micro Area",M2,2,G3110,991031149,13127296,+40.8263938,-085.4785975,117699.26860433706,73.1351166343576,1004158481.2289155
290,26620,26620,310M700US26620,"Huntsville, AL","Huntsville, AL Metro Area",M1,1,G3110,3535378635,142151499,+34.7832617,-086.7348706,563501.9200696285,350.1447301810858,3677530219.9262004
,16700,16700,310M700US16700,"Charleston-North Charleston, SC","Charleston-North Charleston, SC Metro Area",M1,1,G3110,6708455217,1508152029,+33.0175399,-080.0099468,553715.6301084767,344.0637964062763,8216607805.683713
176,16980,16980,310M700US16980,"Chicago-Naperville-Elgin, IL-IN","Chicago-Naperville-Elgin, IL-IN Metro Area",M1,1,G3110,17931312603,4924038041,+41.7587800,-087.8418871,2480618.5506371073,1541.3887373936566,22855344860.1779
490,17640,17640,310M700US17640,"Coco, PR","Coco, PR Micro Area",M2,2,G3110,179755403,115816412,+17.9714853,-066.2622515,2691.9729697997445,1.672718611231775,295571843.21935594
192,17900,17900,310M700US17900,"Columbia, SC","Columbia, SC Metro Area",M1,1,G3110,9591074825,338331336,+34.0775845,-081.0378453,1233365.914922576,766.3799538460338,9929406507.697462
198,18140,18140,310M700US18140,"Columbus, OH","Columbus, OH Metro Area",M1,1,G3110,12425338866,139130776,+39.9685617,-082.8359105,2085938.1813210766,1296.1451162097983,12564469913.04856
360,11740,11740,310M700US11740,"Ashland, OH","Ashland, OH Micro Area",M2,2,G3110,1095528195,9969109,+40.8432723,-082.2701264,191412.74938217903,118.9386639132682,1105497282.3927202
,12260,12260,310M700US12260,"Augusta-Richmond County, GA-SC","Augusta-Richmond County, GA-SC Metro Area",M1,1,G3110,9015025413,262326026,+33.4603713,-081.9828327,1168290.5673040338,725.9439070078628,9277351802.426638
,12420,12420,310M700US12420,"Austin-Round Rock-San Marcos, TX","Austin-Round Rock-San Marcos, TX Metro Area",M1,1,G3110,10929311439,149957078,+30.2497437,-097.6498417,1016541.3674828102,631.6510914305306,11079268992.611929
474,13020,13020,310M700US13020,"Bay City, MI","Bay City, MI Metro Area",M1,1,G3110,1145835301,487713013,+43.6997112,-083.9787007,74398.92225933445,46.22946192807887,1633546446.8239622
,13300,13300,310M700US13300,"Beeville, TX","Beeville, TX Micro Area",M2,2,G3110,2279809495,246409,+28.4160769,-097.7425858,135192.45211032496,84.00490394219057,2280055728.146142
500,16500,16500,310M700US16500,"Centralia, WA","Centralia, WA Micro Area",M2,2,G3110,6223175362,86929744,+46.5800714,-122.3774443,1008871.1049664661,626.8849994199275,6310105473.938781
,10480,10480,310M700US10480,"Alamosa, CO","Alamosa, CO Micro Area",M2,2,G3110,8385514025,19734373,+37.3226399,-105.7742419,867869.5139821278,539.2704549580125,8405248982.995156
,10980,10980,310M700US10980,"Alpena, MI","Alpena, MI Micro Area",M2,2,G3110,1481211836,2908626559,+44.8949540,-083.4265739,242174.34779342898,150.48053723478506,4389834330.240806
118,11540,11540,310M700US11540,"Appleton, WI","Appleton, WI Metro Area",M1,1,G3110,2475529665,222422501,+44.2906032,-088.3723255,311951.263662935,193.83801040360336,2697952304.4060564
288,26660,26660,310M700US26660,"Huntsville, TX","Huntsville, TX Micro Area",M2,2,G3110,2031140296,44731778,+30.7431631,-095.5698246,256194.67759868066,159.19238793460715,2075872126.3027036
,26700,26700,310M700US26700,"Huron, SD","Huron, SD Micro Area",M2,2,G3110,3260011485,15834717,+44.4182649,-098.2794224,172489.52833804008,107.18029026684236,3275846188.3518405
378,26780,26780,310M700US26780,"Hutchinson, MN","Hutchinson, MN Micro Area",M2,2,G3110,1273004674,36432587,+44.8216571,-094.2723231,121043.92923056034,75.21339756083883,1309437271.4314907
168,26980,26980,310M700US26980,"Iowa City, IA","Iowa City, IA Metro Area",M1,1,G3110,3060914329,31409883,+41.5178058,-091.6479303,375994.9154978085,233.6329896092861,3092324293.640429
,27100,27100,310M700US27100,"Jackson, MI","Jackson, MI Metro Area",M1,1,G3110,1817926244,55912045,+42.2484738,-084.4208679,277190.92724894756,172.23888503917604,1873838305.345222
,27180,27180,310M700US27180,"Jackson, TN","Jackson, TN Metro Area",M1,1,G3110,4431944976,7224174,+35.7532151,-088.8826924,413033.22551307606,256.6475856643569,4439169254.4795685
,27340,27340,310M700US27340,"Jacksonville, NC","Jacksonville, NC Metro Area",M1,1,G3110,1973791492,370648831,+34.7631087,-077.4994691,155752.8192595923,96.7805555442556,2344440399.0169744
,27460,27460,310M700US27460,"Jamestown-Dunkirk, NY","Jamestown-Dunkirk, NY Micro Area",M2,2,G3110,2746450227,1139029655,+42.3042159,-079.4075949,428688.6647813232,266.3754488059225,3885476955.730946
122,27600,27600,310M700US27600,"Jefferson, GA","Jefferson, GA Micro Area",M2,2,G3110,879817681,8785542,+34.1309052,-083.5625568,170042.94241169994,105.66004847434348,888603260.9276266
304,27740,27740,310M700US27740,"Johnson City, TN","Johnson City, TN Metro Area",M1,1,G3110,2211590716,25904367,+36.2658223,-082.3326926,410046.20091962407,254.79153001828334,2237495222.3704743
308,27860,27860,310M700US27860,"Jonesboro, AR","Jonesboro, AR Metro Area",M1,1,G3110,3795530173,28199720,+35.6969781,-090.6501752,327566.06841066986,203.54062436195576,3823729985.4651423
,27940,27940,310M700US27940,"Juneau, AK","Juneau, AK Micro Area",M2,2,G3110,7000540330,1437614880,+58.3729099,-134.1784454,669696.1831009544,416.13095001737014,8438284065.5992775
,28260,28260,310M700US28260,"Kearney, NE","Kearney, NE Micro Area",M2,2,G3110,3844679282,18931382,+40.7385945,-099.0317884,291894.99385575985,181.37559114653203,3863610735.3795505
,28380,28380,310M700US28380,"Kennett, MO","Kennett, MO Micro Area",M2,2,G3110,1403538813,13708531,+36.1530246,-090.0622538,77770.72043151474,48.32460538575736,1417247369.3251657
,30580,30580,310M700US30580,"Liberal, KS","Liberal, KS Micro Area",M2,2,G3110,1656693263,1961444,+37.1809599,-100.8552566,62178.83784967538,38.63623463635738,1658654811.8157845
522,30660,30660,310M700US30660,"Lincoln, IL","Lincoln, IL Micro Area",M2,2,G3110,1600748259,2262329,+40.1292768,-089.3653086,196093.6402634014,121.84724189009248,1603010630.8125937
340,30780,30780,310M700US30780,"Little Rock-North Little Rock-Conway, AR","Little Rock-North Little Rock-Conway, AR Metro Area",M1,1,G3110,10577718368,297879706,+34.7557726,-092.4005889,1636164.4564975917,1016.6679859430523,10875598569.466759
,30980,30980,310M700US30980,"Longview, TX","Longview, TX Metro Area",M1,1,G3110,6942781171,108937166,+32.4316457,-094.6848326,1089361.5862210887,676.8995900313723,7051718556.209945
357,31540,31540,310M700US31540,"Madison, WI","Madison, WI Metro Area",M1,1,G3110,8569851369,200086709,+43.0838459,-089.5977453,1167952.9853934082,725.7341428122139,8769938406.719803
284,31680,31680,310M700US31680,"Malvern, AR","Malvern, AR Micro Area",M2,2,G3110,1592697267,18725590,+34.3151767,-092.9441474,193224.44798032808,120.06440402918469,1611422969.448484
359,31860,31860,310M700US31860,"Mankato, MN","Mankato, MN Metro Area",M1,1,G3110,3098506663,93430648,+44.1547900,-094.1477975,578035.7300243385,359.17564344659206,3191937416.234123
361,31940,31940,310M700US31940,"Marinette, WI-MI","Marinette, WI-MI Micro Area",M2,2,G3110,6328659322,1151668462,+45.4352790,-087.7692157,1085358.8962901752,674.41242763504,7480331210.4760475
,32300,32300,310M700US32300,"Martinsville, VA","Martinsville, VA Micro Area",M2,2,G3110,1018659275,5405363,+36.6825035,-079.8725642,211093.1339221829,131.16751831321096,1024064658.8916123
430,25850,25850,310M700US25850,"Hermitage, PA","Hermitage, PA Micro Area",M2,2,G3110,1741866411,25964036,+41.3000142,-080.2527863,235352.55288211833,146.24165986188024,1767830552.6971219
172,25860,25860,310M700US25860,"Hickory-Lenoir-Morganton, NC","Hickory-Lenoir-Morganton, NC Metro Area",M1,1,G3110,4246249038,75154881,+35.8142954,-081.4565843,859858.5667740336,534.2926707681619,4321404184.912019
198,49780,49780,310M700US49780,"Zanesville, OH","Zanesville, OH Micro Area",M2,2,G3110,1721165819,20823923,+39.9660457,-081.9435064,266064.6779270078,165.32533704935426,1741989863.2771227
476,41180,41180,310M700US41180,"St. Louis, MO-IL","St. Louis, MO-IL Metro Area",M1,1,G3110,20366316374,565763233,+38.7402108,-090.3458253,2454791.104475746,1525.340266491696,20932080286.702396
,41260,41260,310M700US41260,"St. Marys, PA","St. Marys, PA Micro Area",M2,2,G3110,2141664028,12792134,+41.4273317,-078.6539366,392364.2659185016,243.80445767737186,2154456375.071883
566,41400,41400,310M700US41400,"Salem, OH","Salem, OH Micro Area",M2,2,G3110,1377692484,7277033,+40.7700730,-080.7784550,234624.2130094348,145.7890893219797,1384969536.8084643
,17340,17340,310M700US17340,"Clearlake, CA","Clearlake, CA Micro Area",M2,2,G3110,3250699790,189048038,+39.1080094,-122.7452171,304899.4148656026,189.45618381796427,3439748111.8506336
408,33910,33910,310M700US33910,"Monticello, NY","Monticello, NY Micro Area",M2,2,G3110,2507484146,73737482,+41.7199928,-074.7715769,497415.15279417025,309.08021474279536,2581221729.5672374
,39220,39220,310M700US39220,"Price, UT","Price, UT Micro Area",M2,2,G3110,3831481450,15484604,+39.6732840,-110.5884845,380967.9339027184,236.72308766495485,3846966498.82079
454,39780,39780,310M700US39780,"Red Bluff, CA","Red Bluff, CA Micro Area",M2,2,G3110,7638229381,33767224,+40.1261573,-122.2322737,1088519.0450529042,676.3760579199574,7671997658.961989
192,36700,36700,310M700US36700,"Orangeburg, SC","Orangeburg, SC Micro Area",M2,2,G3110,2865509337,55697625,+33.4361350,-080.8029131,339589.204451112,211.0114733065182,2921207100.2831273
312,36840,36840,310M700US36840,"Ottawa, KS","Ottawa, KS Micro Area",M2,2,G3110,1480882209,13893465,+38.5580187,-095.2789618,180092.67082252604,111.90467571956582,1494775725.5345109
330,37020,37020,310M700US37020,"Owosso, MI","Owosso, MI Micro Area",M2,2,G3110,1375610928,25420651,+42.9515446,-084.1463518,203671.74624499833,126.55607034249962,1401031596.118479
,37300,37300,310M700US37300,"Palestine, TX","Palestine, TX Micro Area",M2,2,G3110,2752164822,39845046,+31.8412614,-095.6617267,511050.31838149927,317.55273489846724,2792009970.1870265
429,37740,37740,310M700US37740,"Payson, AZ","Payson, AZ Micro Area",M2,2,G3110,12322068653,96466819,+33.7896177,-110.8118696,709565.0185725727,440.9043574214105,12418536660.827316
,37950,37950,310M700US37950,"Petoskey, MI","Petoskey, MI Micro Area",M2,2,G3110,1210937841,1073422145,+45.5900944,-084.9868217,82568.4393617015,51.305777127084085,2284364912.8554006
429,38060,38060,310M700US38060,"Phoenix-Mesa-Chandler, AZ","Phoenix-Mesa-Chandler, AZ Metro Area",M1,1,G3110,37732769051,82802999,+33.1857653,-112.0678624,445795.7788108333,277.00534306661945,37815574690.378044
,38420,38420,310M700US38420,"Platteville, WI","Platteville, WI Micro Area",M2,2,G3110,2972281812,92642049,+42.8700275,-090.6942288,394720.55402677343,245.2685908675441,3064923997.0959578
,28060,28060,310M700US28060,"Kalispell, MT","Kalispell, MT Micro Area",M2,2,G3110,13176056530,436954292,+48.2954221,-114.0520587,1960405.9701026832,1218.1428225873235,13613011017.6331
312,28140,28140,310M700US28140,"Kansas City, MO-KS","Kansas City, MO-KS Metro Area",M1,1,G3110,18794370744,301199458,+38.9318567,-094.4438406,1964851.5126206167,1220.905161507585,19095570566.804382
540,27380,27380,310M700US27380,"Jacksonville, TX","Jacksonville, TX Micro Area",M2,2,G3110,2727137854,23876781,+31.8438787,-095.1563431,433875.85238057247,269.5986257599839,2751014829.2810397
,27540,27540,310M700US27540,"Jasper, IN","Jasper, IN Micro Area",M2,2,G3110,1106616364,20892924,+38.3733441,-086.8733845,212209.40741206732,131.86114022647007,1127509369.6708639
190,27620,27620,310M700US27620,"Jefferson City, MO","Jefferson City, MO Metro Area",M1,1,G3110,5821544937,80014237,+38.6368854,-092.0888760,749501.7100726878,465.7199287115761,5901559383.078074
236,21300,21300,310M700US21300,"Elmira, NY","Elmira, NY Metro Area",M1,1,G3110,1054989064,8874703,+42.1486972,-076.7524712,228617.05847105724,142.05640726698974,1063863795.5378087
300,37260,37260,310M700US37260,"Palatka, FL","Palatka, FL Micro Area",M2,2,G3110,1886536359,255178990,+29.5938968,-081.7320386,117132.22188119017,72.78276926018752,2141715521.2544835
,37420,37420,310M700US37420,"Pampa, TX","Pampa, TX Micro Area",M2,2,G3110,4791560125,9047636,+35.6173931,-100.8105528,164455.2919870957,102.18803483856469,4800608073.9649725
308,37500,37500,310M700US37500,"Paragould, AR","Paragould, AR Micro Area",M2,2,G3110,1495322286,5255220,+36.1206072,-090.5663459,89708.4275059612,55.74237109992991,1500577548.5244384
,37580,37580,310M700US37580,"Paris, TX","Paris, TX Micro Area",M2,2,G3110,5053663137,99994546,+33.6464451,-095.2950886,407314.8413154222,253.09433762624568,5153657935.580041
218,37800,37800,310M700US37800,"Pella, IA","Pella, IA Micro Area",M2,2,G3110,1436123090,41484609,+41.3314327,-093.0938678,196336.30983798343,121.99803014775215,1477607767.0025606
,37860,37860,310M700US37860,"Pensacola-Ferry Pass-Brent, FL","Pensacola-Ferry Pass-Brent, FL Metro Area",M1,1,G3110,4323725871,1757251967,+30.6085566,-087.1585466,558871.6758812723,347.26762267840996,6080977988.142946
,25940,25940,310M700US25940,"Hilton Head Island-Bluffton-Port Royal, SC","Hilton Head Island-Bluffton-Port Royal, SC Metro Area",M1,1,G3110,3188679928,1020208983,+32.3867916,-080.8308775,182168.63862093657,113.19462551166104,4208889321.3314853
107,26500,26500,310M700US26500,"Huntingdon, PA","Huntingdon, PA Micro Area",M2,2,G3110,2265182331,37851956,+40.4223108,-077.9685953,416926.3335970666,259.06665688857953,2303034374.8346977
292,26820,26820,310M700US26820,"Idaho Falls, ID","Idaho Falls, ID Metro Area",M1,1,G3110,13457908438,125339144,+43.6204231,-112.4209193,832439.7539740528,517.2553680229491,13583248632.103271
222,21460,21460,310M700US21460,"Enterprise, AL","Enterprise, AL Micro Area",M2,2,G3110,1758772316,3700803,+31.4022580,-085.9896022,203822.53320805822,126.64976525038726,1762473177.9155629
,21660,21660,310M700US21660,"Eugene-Springfield, OR","Eugene-Springfield, OR Metro Area",M1,1,G3110,11795044812,436058217,+43.9283337,-122.8975806,1760696.2994661867,1094.048678008492,12231104188.859486
220,22420,22420,310M700US22420,"Flint, MI","Flint, MI Metro Area",M1,1,G3110,1649682298,32740388,+43.0210768,-083.7063718,301124.42066707066,187.11050534198534,1682422667.4445162
,22900,22900,310M700US22900,"Fort Smith, AR-OK","Fort Smith, AR-OK Metro Area",M1,1,G3110,4662049414,166502828,+35.4290883,-094.4483490,648110.0767452583,402.71793203751747,4828552491.989857
339,30700,30700,310M700US30700,"Lincoln, NE","Lincoln, NE Metro Area",M1,1,G3110,3649268396,34389853,+40.8174287,-096.8688013,512362.0579008337,318.3678140733678,3683658345.4685793
,30860,30860,310M700US30860,"Logan, UT-ID","Logan, UT-ID Metro Area",M1,1,G3110,4733736205,33266777,+41.8890205,-111.7874375,576889.3561383963,358.46331796786035,4767003426.058606
348,31080,31080,310M700US31080,"Los Angeles-Long Beach-Anaheim, CA","Los Angeles-Long Beach-Anaheim, CA Metro Area",M1,1,G3110,12570606204,2190172320,+34.1087033,-118.1827533,284979.5963316586,177.07855166195995,14760778907.12264
,31820,31820,310M700US31820,"Manitowoc, WI","Manitowoc, WI Micro Area",M2,2,G3110,1526302544,2343337598,+44.1561370,-087.5773525,202744.80352451678,125.98009340755638,3869641415.1760745
,32540,32540,310M700US32540,"McAlester, OK","McAlester, OK Micro Area",M2,2,G3110,3381261513,187443330,+34.9255401,-095.7481302,322909.0730761536,200.646894426382,3568705132.6270227
366,32780,32780,310M700US32780,"Medford, OR","Medford, OR Metro Area",M1,1,G3110,7208596398,46767956,+42.4116214,-122.6756106,1086963.033246101,675.4091946053047,7255365201.167429
370,33100,33100,310M700US33100,"Miami-Fort Lauderdale-West Palm Beach, FL","Miami-Fort Lauderdale-West Palm Beach, FL Metro Area",M1,1,G3110,13124221215,2625365884,+26.1018281,-080.4787552,49989.229562661654,31.061944376366498,15749592601.837591
508,33380,33380,310M700US33380,"Minden, LA","Minden, LA Micro Area",M2,2,G3110,1536688185,55947134,+32.7321522,-093.3398245,172720.88195745344,107.32404709847108,1592635388.7620006
378,33460,33460,310M700US33460,"Minneapolis-St. Paul-Bloomington, MN-WI","Minneapolis-St. Paul-Bloomington, MN-WI Metro Area",M1,1,G3110,18253076814,1224215301,+45.0966640,-093.2753610,2359202.9306993247,1465.9443813608839,19477292403.927605
388,33860,33860,310M700US33860,"Montgomery, AL","Montgomery, AL Metro Area",M1,1,G3110,7030302181,186419225,+32.3656313,-086.4045848,981401.3199142978,609.8160239068798,7216721670.847282
,34060,34060,310M700US34060,"Morgantown, WV","Morgantown, WV Metro Area",M1,1,G3110,2613058451,21654430,+39.5251551,-079.8019121,384993.3052685889,239.22434368659756,2634712997.8951583
266,34740,34740,310M700US34740,"Muskegon-Norton Shores, MI","Muskegon-Norton Shores, MI Metro Area",M1,1,G3110,1305149763,2476294663,+43.4287388,-086.4209083,164897.81950596027,102.46300937400443,3781454766.064719
400,34980,34980,310M700US34980,"Nashville-Davidson--Murfreesboro--Franklin, TN","Nashville-Davidson--Murfreesboro--Franklin, TN Metro Area",M1,1,G3110,16322668332,196666657,+36.0915767,-086.7229798,2588686.800784063,1608.5394017324265,16519335753.701328
406,35380,35380,310M700US35380,"New Orleans-Metairie, LA","New Orleans-Metairie, LA Metro Area",M1,1,G3110,6108854040,11435920296,+29.2824470,-089.5760676,411772.637361441,255.86429055478706,17544775302.744965
160,36460,36460,310M700US36460,"Olean, NY","Olean, NY Micro Area",M2,2,G3110,3388177066,36783591,+42.2390986,-078.6623320,577625.4818469209,358.92072641388455,3424961116.8746
348,37100,37100,310M700US37100,"Oxnard-Thousand Oaks-Ventura, CA","Oxnard-Thousand Oaks-Ventura, CA Metro Area",M1,1,G3110,4767597085,947364124,+34.3587477,-119.1331453,311380.26513635064,193.48320748651662,5714961408.954039
350,21060,21060,310M700US21060,"Elizabethtown, KY","Elizabethtown, KY Metro Area",M1,1,G3110,2292072981,22754590,+37.6512088,-085.8875977,411017.58685891656,255.39512275772464,2314827736.4498477
,21640,21640,310M700US21640,"Eufaula, AL-GA","Eufaula, AL-GA Micro Area",M2,2,G3110,2683874696,74670039,+31.8672807,-085.3350319,329853.84789674164,204.96218816206746,2758544927.6251287
241,21780,21780,310M700US21780,"Evansville, IN","Evansville, IN Metro Area",M1,1,G3110,2660995489,52092190,+38.0491421,-087.5845186,302473.58825986396,187.94884130131854,2713087778.966426
476,22100,22100,310M700US22100,"Farmington, MO","Farmington, MO Micro Area",M2,2,G3110,1170380020,7218075,+37.8107068,-090.4738684,163540.8710378512,101.61983859088274,1177598131.4902117
,22500,22500,310M700US22500,"Florence, SC","Florence, SC Metro Area",M1,1,G3110,3525189243,24462734,+34.1535741,-079.8061642,532044.5036416397,330.59794924729374,3549652115.0643754
,22780,22780,310M700US22780,"Fort Leonard Wood, MO","Fort Leonard Wood, MO Micro Area",M2,2,G3110,1417014929,11312362,+37.8248346,-092.2070224,251386.42552788707,156.20467118687603,1428327314.1744902
336,23180,23180,310M700US23180,"Frankfort, KY","Frankfort, KY Micro Area",M2,2,G3110,1062340343,15852761,+38.1214495,-084.9331670,247323.8593865499,153.68030334581252,1078193134.8921068
266,26090,26090,310M700US26090,"Holland, MI","Holland, MI Micro Area",M2,2,G3110,2137854635,2610343990,+42.4212512,-086.2614034,324772.15155865194,201.80456060164536,4748197701.12274
294,26900,26900,310M700US26900,"Indianapolis-Carmel-Greenwood, IN","Indianapolis-Carmel-Greenwood, IN Metro Area",M1,1,G3110,10582616074,84453620,+39.7905331,-086.1242596,1704911.0386308525,1059.3852378185172,10667070031.492344
,21260,21260,310M700US21260,"Ellensburg, WA","Ellensburg, WA Micro Area",M2,2,G3110,5949957156,92507199,+47.1244411,-120.6767092,711115.119039578,441.8675475906757,6042465314.835899
238,21340,21340,310M700US21340,"El Paso, TX","El Paso, TX Metro Area",M1,1,G3110,14462602943,6663111,+31.5273940,-105.5213326,147940.1424882247,91.92597119827053,14469267989.318184
,21540,21540,310M700US21540,"Escanaba, MI","Escanaba, MI Micro Area",M2,2,G3110,3033120259,2124407010,+45.8052288,-086.9019375,389387.34221087676,241.95467844636732,5157531284.194509
484,23240,23240,310M700US23240,"Fredericksburg, TX","Fredericksburg, TX Micro Area",M2,2,G3110,2740737111,8994843,+30.3250955,-098.9418446,210407.02857920993,130.7411911586178,2749732183.3067126
,18260,18260,310M700US18260,"Cookeville, TN","Cookeville, TN Micro Area",M2,2,G3110,3936993917,42129555,+36.1907072,-085.4637594,619405.729744331,384.88183338780556,3979123784.9951205
,13460,13460,310M700US13460,"Bend, OR","Bend, OR Metro Area",M1,1,G3110,20145544017,141935327,+44.1538371,-120.8870717,1331027.7635341666,827.064363984097,20287481375.800995
107,11020,11020,310M700US11020,"Altoona, PA","Altoona, PA Metro Area",M1,1,G3110,1359916303,3294804,+40.4986828,-078.3095970,212467.91085497866,132.02176721822528,1363211166.4431152
,31220,31220,310M700US31220,"Ludington, MI","Ludington, MI Micro Area",M2,2,G3110,1281963204,1935616622,+43.9571957,-086.4429369,171292.1351991638,106.4362628152931,3217572174.046322
190,33620,33620,310M700US33620,"Moberly, MO","Moberly, MO Micro Area",M2,2,G3110,1250220630,13254192,+39.4392486,-092.4929595,145550.9824296499,90.44141227437952,1263474860.499433
,20540,20540,310M700US20540,"Dyersburg, TN","Dyersburg, TN Micro Area",M2,2,G3110,1326982064,35839863,+36.0523116,-089.4046363,166078.4039657492,103.1965923706297,1362822071.4713967
,44460,44460,310M700US44460,"Steamboat Springs, CO","Steamboat Springs, CO Micro Area",M2,2,G3110,18402546621,35635155,+40.5718455,-107.8253524,1831778.4960358285,1138.21721701805,18438184008.624523
,44740,44740,310M700US44740,"Storm Lake, IA","Storm Lake, IA Micro Area",M2,2,G3110,1488981875,13798140,+42.7415219,-095.1414324,142055.7671595054,88.26958079678963,1502780038.2928348
,45140,45140,310M700US45140,"Tahlequah, OK","Tahlequah, OK Micro Area",M2,2,G3110,1940229532,69660639,+35.9043668,-094.9967964,229553.42595114815,142.6382404906037,2009890315.220508
248,45660,45660,310M700US45660,"Tiffin, OH","Tiffin, OH Micro Area",M2,2,G3110,1427151724,4576816,+41.1199923,-083.1275469,279772.08963900595,173.84274897722418,1431728585.1114075
,45780,45780,310M700US45780,"Toledo, OH","Toledo, OH Metro Area",M1,1,G3110,3528301406,676762544,+41.5443571,-083.6907772,629771.7393986336,391.3229891748379,4205062097.366518
408,45940,45940,310M700US45940,"Trenton-Princeton, NJ","Trenton-Princeton, NJ Metro Area",M1,1,G3110,581404580,11327996,+40.2825026,-074.7037240,119436.8480193132,74.2148011105877,592732604.6178358
,46380,46380,310M700US46380,"Ukiah, CA","Ukiah, CA Micro Area",M2,2,G3110,9082587768,961785099,+39.4323876,-123.4428811,1157163.2219805305,719.0296779925501,10044373829.200363
,46660,46660,310M700US46660,"Valdosta, GA","Valdosta, GA Metro Area",M1,1,G3110,4163092303,55697563,+30.8271579,-083.2435548,437532.2918238288,271.8706375432344,4218789897.421361
,46860,46860,310M700US46860,"Vernal, UT","Vernal, UT Micro Area",M2,2,G3110,11610607593,55966014,+40.1258872,-109.5177482,1008320.9970133906,626.5431773356722,11666575325.62915
,43620,43620,310M700US43620,"Sioux Falls, SD-MN","Sioux Falls, SD-MN Metro Area",M1,1,G3110,7919874740,28543122,+43.5256577,-096.8754156,737009.9729998637,457.9579038611255,7948417933.42871
517,43980,43980,310M700US43980,"Spencer, IA","Spencer, IA Micro Area",M2,2,G3110,1469139450,13866670,+43.0812244,-095.1498753,219411.91446740413,136.33658174618424,1483006147.761818
545,47260,47260,310M700US47260,"Virginia Beach-Chesapeake-Norfolk, VA-NC","Virginia Beach-Chesapeake-Norfolk, VA-NC Metro Area",M1,1,G3110,8292852784,3500557061,+36.8372891,-076.3918494,767807.1031621002,477.0944009109947,11793411374.057865
,47980,47980,310M700US47980,"Watertown, SD","Watertown, SD Micro Area",M2,2,G3110,1780837002,76608853,+44.9662852,-097.1988375,63538.75242049624,39.48124847483828,1857445910.930807
376,48580,48580,310M700US48580,"Whitewater-Elkhorn, WI","Whitewater-Elkhorn, WI Micro Area",M2,2,G3110,1438571926,54805475,+42.6681095,-088.5417306,141211.65144625583,87.74507030599862,1493377497.4780486
,48780,48780,310M700US48780,"Williston, ND","Williston, ND Micro Area",M2,2,G3110,5380959360,181836635,+48.3557649,-103.5013332,152992.98541656503,95.06567003651499,5562796177.5843725
,49260,49260,310M700US49260,"Woodward, OK","Woodward, OK Micro Area",M2,2,G3110,3218801192,9693573,+36.4256189,-099.2736609,292514.77393771824,181.76070559217956,3228495028.719963
450,41820,41820,310M700US41820,"Sanford, NC","Sanford, NC Micro Area",M2,2,G3110,660633162,10699612,+35.4763365,-079.1721174,69407.6254283745,43.128006156793774,671332792.2389115
,23680,23680,310M700US23680,"Gallipolis, OH","Gallipolis, OH Micro Area",M2,2,G3110,1208305869,12087309,+38.8170456,-082.3017463,207883.2139065777,129.17296152868735,1220393226.745601
294,24700,24700,310M700US24700,"Greensburg, IN","Greensburg, IN Micro Area",M2,2,G3110,964946131,1955432,+39.3059799,-085.4998310,158491.03686888173,98.48200931368247,966901588.183755
,24900,24900,310M700US24900,"Greenwood, MS","Greenwood, MS Micro Area",M2,2,G3110,3166162829,47918753,+33.4913047,-090.1136329,475760.85418597824,295.62482395639097,3214081775.026716
277,25500,25500,310M700US25500,"Harrisonburg, VA","Harrisonburg, VA Metro Area",M1,1,G3110,2245860498,10770300,+38.5076118,-078.8853291,290753.26317997865,180.66615083200483,2256630863.8476524
,10140,10140,310M700US10140,"Aberdeen, WA","Aberdeen, WA Micro Area",M2,2,G3110,4926850759,832254152,+47.1120838,-123.8267247,1161211.417659424,721.5451164200381,5759105532.524036
101,10180,10180,310M700US10180,"Abilene, TX","Abilene, TX Metro Area",M1,1,G3110,7105669734,36754978,+32.4520222,-099.7187428,221755.8502261532,137.7930395231295,7142425165.61503
,10460,10460,310M700US10460,"Alamogordo, NM","Alamogordo, NM Micro Area",M2,2,G3110,17126455957,36944199,+32.6155988,-105.7513079,154856.10942422537,96.22336449987286,17163401799.733805
524,20180,20180,310M700US20180,"DuBois, PA","DuBois, PA Micro Area",M2,2,G3110,2965691644,24125719,+41.0068618,-078.4777237,550571.7820453397,342.1102949316737,2989817408.3291173
,20300,20300,310M700US20300,"Dumas, TX","Dumas, TX Micro Area",M2,2,G3110,2330207193,25699789,+35.8356759,-101.8905018,53605.96767026681,33.30928683203475,2355907140.684584
334,20340,20340,310M700US20340,"Duncan, OK","Duncan, OK Micro Area",M2,2,G3110,2253839329,54824750,+34.4813609,-097.8556068,242968.71831356027,150.97413741879296,2308664189.887189
,20420,20420,310M700US20420,"Durango, CO","Durango, CO Micro Area",M2,2,G3110,4376255271,25642579,+37.2873673,-107.8397178,430575.02840867813,267.5475837353686,4401898280.824153
,20580,20580,310M700US20580,"Eagle Pass, TX","Eagle Pass, TX Metro Area",M1,1,G3110,3313841498,31849663,+28.7297873,-100.3166780,128424.6181501456,79.79955643316242,3345691744.740171
232,20740,20740,310M700US20740,"Eau Claire, WI","Eau Claire, WI Metro Area",M1,1,G3110,4264033246,103888347,+44.9386719,-091.2843222,709858.846097034,441.08693383438805,4367921743.18313
233,20780,20780,310M700US20780,"Edwards, CO","Edwards, CO Micro Area",M2,2,G3110,4362757338,18967533,+39.6269919,-106.6951694,496682.3577509764,308.6248758814026,4381725266.447004
555,21120,21120,310M700US21120,"Elk City, OK","Elk City, OK Micro Area",M2,2,G3110,2335328722,5521744,+35.2706008,-099.6900574,379966.02171138965,236.10052674474608,2340850631.16927
,21180,21180,310M700US21180,"Elkins, WV","Elkins, WV Micro Area",M2,2,G3110,2692810854,667359,+38.7810953,-079.8677881,475552.85237578925,295.49557730236575,2693478542.936871
,21220,21220,310M700US21220,"Elko, NV","Elko, NV Micro Area",M2,2,G3110,55293629483,86215506,+40.9060857,-115.5545775,3142340.1014847574,1952.5644683440153,55379850448.04784
240,21500,21500,310M700US21500,"Erie, PA","Erie, PA Metro Area",M1,1,G3110,2069152928,1966263897,+42.1179519,-080.0963858,303648.9503074845,188.67917923340283,4035415613.226732
105,21580,21580,310M700US21580,"Española, NM","Española, NM Micro Area",M2,2,G3110,15179598453,91463244,+36.5096687,-106.6939829,1087732.3059977288,675.8871997202139,15271063462.77463
,21700,21700,310M700US21700,"Eureka-Arcata, CA","Eureka-Arcata, CA Micro Area",M2,2,G3110,9241141620,1254149638,+40.7066554,-123.9261757,1274759.5953480445,792.1008583320147,10495292410.473467
242,21900,21900,310M700US21900,"Fairmont, WV","Fairmont, WV Micro Area",M2,2,G3110,799749345,7079304,+39.5058387,-080.2434018,132201.3680665678,82.14632586437162,806828742.3766071
378,22060,22060,310M700US22060,"Faribault-Northfield, MN","Faribault-Northfield, MN Micro Area",M2,2,G3110,1284114077,52069008,+44.3507747,-093.2985130,133103.5433139681,82.70691296678646,1336183135.071664
246,22180,22180,310M700US22180,"Fayetteville, NC","Fayetteville, NC Metro Area",M1,1,G3110,2700628901,19261542,+35.0379563,-078.9822092,386027.4792397638,239.8669511972385,2719890530.610181
248,22300,22300,310M700US22300,"Findlay, OH","Findlay, OH Micro Area",M2,2,G3110,1376122056,6024245,+41.0002170,-083.6659471,230350.4431720434,143.1334852623084,1382146315.0279117
,22340,22340,310M700US22340,"Fitzgerald, GA","Fitzgerald, GA Micro Area",M2,2,G3110,647804330,9812173,+31.7305827,-083.1629612,42038.152677481725,26.12136197290922,657616528.162325
104,24100,24100,310M700US24100,"Gloversville, NY","Gloversville, NY Micro Area",M2,2,G3110,1283236089,96915000,+43.1156093,-074.4236782,270408.97138718,168.0247625655113,1380151003.860307
,24300,24300,310M700US24300,"Grand Junction, CO","Grand Junction, CO Metro Area",M1,1,G3110,8621348059,31991713,+39.0195240,-108.4605707,813624.8337982787,505.5642895834807,8653340730.087
366,24420,24420,310M700US24420,"Grants Pass, OR","Grants Pass, OR Metro Area",M1,1,G3110,4244080749,5631773,+42.3869828,-123.5716197,646915.6371079627,401.9757398113281,4249713032.634687
216,24540,24540,310M700US24540,"Greeley, CO","Greeley, CO Metro Area",M1,1,G3110,10321005621,82316993,+40.5559610,-104.3836660,352649.63683747087,219.1268699202598,10403323502.025085
268,24660,24660,310M700US24660,"Greensboro-High Point, NC","Greensboro-High Point, NC Metro Area",M1,1,G3110,5164361711,68407226,+36.0252039,-079.7926333,938424.7179317061,583.1115351210473,5232769014.501311
,24740,24740,310M700US24740,"Greenville, MS","Greenville, MS Micro Area",M2,2,G3110,1875531293,93803301,+33.2731740,-090.9444459,288477.4538763117,179.25202497689222,1969334718.2479596
274,24780,24780,310M700US24780,"Greenville, NC","Greenville, NC Metro Area",M1,1,G3110,1689620170,8247778,+35.5924897,-077.3727387,271903.60821066255,168.95348913881625,1697868007.4320507
,24980,24980,310M700US24980,"Grenada, MS","Grenada, MS Micro Area",M2,2,G3110,2147342293,73035356,+33.6379833,-089.7145833,195325.76293575854,121.37010385360368,2220377791.8537908
260,25260,25260,310M700US25260,"Hanford-Corcoran, CA","Hanford-Corcoran, CA Metro Area",M1,1,G3110,3602601926,3164290,+36.0724780,-119.8155301,149106.55968119405,92.65075104154128,3605766442.6831703
405,35980,35980,310M700US35980,"Norwich-New London-Willimantic, CT","Norwich-New London-Willimantic, CT Metro Area",M1,1,G3110,1549173136,216452635,+41.4847688,-072.1016655,345957.76722900546,214.96872458834397,1765625821.9045491
,27220,27220,310M700US27220,"Jackson, WY-ID","Jackson, WY-ID Micro Area",M2,2,G3110,11514921971,573735666,+44.0486620,-110.4260870,1799766.5776910675,1118.3258837107558,12088658023.086023
357,27500,27500,310M700US27500,"Janesville-Beloit, WI","Janesville-Beloit, WI Metro Area",M1,1,G3110,1860046351,20694407,+42.6698802,-089.0752844,223118.32284364957,138.63964286207363,1880740805.9103613
,21860,21860,310M700US21860,"Fairmont, MN","Fairmont, MN Micro Area",M2,2,G3110,1844941482,44656001,+43.6771732,-094.5470963,206973.22102454142,128.60751676124463,1889597560.90381
260,23420,23420,310M700US23420,"Fresno, CA","Fresno, CA Metro Area",M1,1,G3110,20966706476,178903286,+36.8794036,-119.6684884,1350357.3146418845,839.075220054112,21145610863.325462
206,23620,23620,310M700US23620,"Gainesville, TX","Gainesville, TX Micro Area",M2,2,G3110,2265789897,61319327,+33.6391964,-097.2103433,202825.78676815718,126.03041418728,2327109387.906662
,23660,23660,310M700US23660,"Galesburg, IL","Galesburg, IL Micro Area",M2,2,G3110,1855351760,8914499,+40.9309446,-090.2137921,236406.544611018,146.89658158687288,1864266316.1214943
360,31900,31900,310M700US31900,"Mansfield, OH","Mansfield, OH Metro Area",M1,1,G3110,1282631596,12560134,+40.7741590,-082.5427812,191600.9865673805,119.05562936817608,1295191800.9210355
,31980,31980,310M700US31980,"Marion, IN","Marion, IN Micro Area",M2,2,G3110,1072484434,2101803,+40.5157575,-085.6549455,158909.9299100553,98.74229802904004,1074586221.8223624
240,32740,32740,310M700US32740,"Meadville, PA","Meadville, PA Micro Area",M2,2,G3110,2621989181,65388878,+41.6878760,-080.1077950,351030.2742180712,218.12064213781503,2687378112.32828
,33500,33500,310M700US33500,"Minot, ND","Minot, ND Metro Area",M1,1,G3110,12339259528,249224323,+48.3202424,-101.1980099,699667.984430075,434.75461023157015,12588482001.46509
,35820,35820,310M700US35820,"North Platte, NE","North Platte, NE Micro Area",M2,2,G3110,8119233860,29601198,+41.1413441,-100.6973524,328690.67226389464,204.23942253588095,8148835426.5368395
184,35940,35940,310M700US35940,"Norwalk, OH","Norwalk, OH Micro Area",M2,2,G3110,1274906336,8626249,+41.1450798,-082.5946410,236796.56432681842,147.13892920502718,1283532618.5269504
106,20700,20700,310M700US20700,"East Stroudsburg, PA","East Stroudsburg, PA Micro Area",M2,2,G3110,1575647528,22664084,+41.0562401,-075.3290651,345325.87874198664,214.57608630990757,1598311676.2192338
,21380,21380,310M700US21380,"Emporia, KS","Emporia, KS Micro Area",M2,2,G3110,4197155320,32654596,+38.3821338,-096.3593009,822666.1381009968,511.1823095809443,4229810119.8864717
466,23300,23300,310M700US23300,"Freeport, IL","Freeport, IL Micro Area",M2,2,G3110,1461392058,1350223,+42.3497262,-089.6659942,213891.40209793072,132.90628586745544,1462742314.6136553
,31260,31260,310M700US31260,"Lufkin, TX","Lufkin, TX Micro Area",M2,2,G3110,2066465877,173295025,+31.2518963,-094.6111337,242582.17719680854,150.73395130724927,2239760976.3377094
393,34180,34180,310M700US34180,"Moses Lake, WA","Moses Lake, WA Micro Area",M2,2,G3110,6940013358,289801991,+47.2136328,-119.4677880,184493.3038979413,114.63910913662826,7229816068.039815
184,35420,35420,310M700US35420,"New Philadelphia-Dover, OH","New Philadelphia-Dover, OH Micro Area",M2,2,G3110,1470097268,10250140,+40.4474396,-081.4711664,306131.1415489217,190.22154519798286,1480347427.1008673
450,20500,20500,310M700US20500,"Durham-Chapel Hill, NC","Durham-Chapel Hill, NC Metro Area",M1,1,G3110,4555685679,137227350,+35.9955360,-079.0969897,671591.0859893677,417.3083910108291,4692913165.655498
222,37120,37120,310M700US37120,"Ozark, AL","Ozark, AL Micro Area",M2,2,G3110,1453276163,4051341,+31.4306536,-085.6094760,192725.0966513297,119.75412072733525,1457327594.756104
425,37620,37620,310M700US37620,"Parkersburg-Vienna, WV","Parkersburg-Vienna, WV Metro Area",M1,1,G3110,1551430861,32430475,+39.1415311,-081.4604019,347115.97748003714,215.6884048616434,1583861433.130452
428,37980,37980,310M700US37980,"Philadelphia-Camden-Wilmington, PA-NJ-DE-MD","Philadelphia-Camden-Wilmington, PA-NJ-DE-MD Metro Area",M1,1,G3110,11922292054,691900554,+39.8949576,-075.3119824,1630652.9470522206,1013.2432842359108,12614192709.35972
314,28420,28420,310M700US28420,"Kennewick-Richland, WA","Kennewick-Richland, WA Metro Area",M1,1,G3110,7619028355,214802390,+46.3641545,-119.2549271,128395.86679626824,79.78169112572125,7833832199.313711
317,29100,29100,310M700US29100,"La Crosse-Onalaska, WI-MN","La Crosse-Onalaska, WI-MN Metro Area",M1,1,G3110,4650283149,180748247,+43.6982642,-091.1101402,584933.0035521819,363.4614211740104,4831031758.38838
324,29340,29340,310M700US29340,"Lake Charles, LA","Lake Charles, LA Metro Area",M1,1,G3110,7770865606,1785193908,+30.0384514,-093.1900931,869622.265816504,540.3595671620068,9556059718.692287
,29660,29660,310M700US29660,"Laramie, WY","Laramie, WY Micro Area",M2,2,G3110,11070062783,89554047,+41.6655141,-105.7218826,1193372.5946134522,741.5291949578412,11159618195.15208
332,29820,29820,310M700US29820,"Las Vegas-Henderson-North Las Vegas, NV","Las Vegas-Henderson-North Las Vegas, NV Metro Area",M1,1,G3110,20439308551,438384091,+36.2141295,-115.0143977,171295.21010364295,106.43817347710426,20877694173.96524
,12540,12540,310M700US12540,"Bakersfield-Delano, CA","Bakersfield-Delano, CA Metro Area",M1,1,G3110,21068706344,78331375,+35.3466288,-118.7295064,230928.8598481952,143.49289761529272,21147038929.23563
440,10540,10540,310M700US10540,"Albany, OR","Albany, OR Metro Area",M1,1,G3110,5929797331,50146297,+44.4888982,-122.5372084,831808.9875440834,516.8634269601721,5979944434.437196
104,11220,11220,310M700US11220,"Amsterdam, NY","Amsterdam, NY Micro Area",M2,2,G3110,1044053041,18613118,+42.9008912,-074.4353575,223417.61131555628,138.82561255891005,1062666236.2226716
198,34540,34540,310M700US34540,"Mount Vernon, OH","Mount Vernon, OH Micro Area",M2,2,G3110,1361036423,10721050,+40.4036200,-082.4223933,263258.74016097304,163.58180382080423,1371757488.4561496
,34660,34660,310M700US34660,"Murray, KY","Murray, KY Micro Area",M2,2,G3110,996790181,66908708,+36.6209783,-088.2740857,130049.0762258562,80.8089503932396,1063698939.7984732
396,34680,34680,310M700US34680,"Murrells Inlet, SC","Murrells Inlet, SC Micro Area",M2,2,G3110,2107383728,550477432,+33.4175309,-079.2963325,267068.81922440074,165.9492830752984,2657861017.4599814
,34880,34880,310M700US34880,"Nantucket, MA","Nantucket, MA Micro Area",M2,2,G3110,119637317,666826385,+41.2933918,-070.1021635,0.0,0.0,786463699.9128373
,35020,35020,310M700US35020,"Natchez, MS-LA","Natchez, MS-LA Micro Area",M2,2,G3110,4345954360,218075393,+31.5429184,-091.3825333,537151.8172977106,333.77149471069544,4564030315.774381
192,35140,35140,310M700US35140,"Newberry, SC","Newberry, SC Micro Area",M2,2,G3110,1632569400,44077688,+34.2898805,-081.5996761,236935.28025023668,147.22512349797847,1676647207.133932
318,35340,35340,310M700US35340,"New Iberia, LA","New Iberia, LA Micro Area",M2,2,G3110,1488569316,1205961184,+29.6060126,-091.8427057,111304.37747438096,69.16150563235921,2694532863.9474235
536,35700,35700,310M700US35700,"Nogales, AZ","Nogales, AZ Micro Area",M2,2,G3110,3201899629,3068237,+31.5257330,-110.8452278,48994.29233579307,30.443717508912396,3204967974.3823757
194,12220,12220,310M700US12220,"Auburn-Opelika, AL","Auburn-Opelika, AL Metro Area",M1,1,G3110,3150002512,33242168,+32.4922058,-085.5271267,433390.1812835738,269.29684298133014,3183244819.2839313
,15580,15580,310M700US15580,"Butte-Silver Bow, MT","Butte-Silver Bow, MT Micro Area",M2,2,G3110,1859586139,1500304,+45.8962319,-112.6600714,245066.47764982725,152.27762787840186,1861086632.515315
,15820,15820,310M700US15820,"Campbellsville, KY","Campbellsville, KY Micro Area",M2,2,G3110,1430658623,34273402,+37.3154761,-085.4429813,310491.014851471,192.93065160343434,1464932075.0287094
166,16060,16060,310M700US16060,"Carbondale, IL","Carbondale, IL Micro Area",M2,2,G3110,1511448965,48302865,+37.7860959,-089.3812119,272591.07516935613,169.380662364296,1559751830.0893571
279,25620,25620,310M700US25620,"Hattiesburg, MS","Hattiesburg, MS Metro Area",M1,1,G3110,4169585081,27325916,+31.1884408,-089.2327410,501730.08637702,311.76139683163285,4196911136.4347124
482,25720,25720,310M700US25720,"Heber, UT","Heber, UT Micro Area",M2,2,G3110,7893314476,105138413,+40.6992187,-111.0204245,1090984.8499327917,677.9082418462175,7998453649.961952
408,25770,25770,310M700US25770,"Hemlock Farms, PA","Hemlock Farms, PA Micro Area",M2,2,G3110,1411273942,56779544,+41.3259485,-075.0315143,325194.60046413477,202.06705883413994,1468053586.8162036
,25840,25840,310M700US25840,"Hermiston-Pendleton, OR","Hermiston-Pendleton, OR Micro Area",M2,2,G3110,13587023248,85991359,+45.5446021,-119.0761905,979101.248704383,608.3868223646856,13673015692.950403
190,17860,17860,310M700US17860,"Columbia, MO","Columbia, MO Metro Area",M1,1,G3110,4439504770,45551846,+38.9865239,-092.5852360,522312.6854465515,324.5508627428334,4485056671.153729
194,17980,17980,310M700US17980,"Columbus, GA-AL","Columbus, GA-AL Metro Area",M1,1,G3110,7215988242,82279841,+32.4193768,-084.8437095,961672.3255588689,597.5569646928983,7298268482.332421
294,18020,18020,310M700US18020,"Columbus, IN","Columbus, IN Metro Area",M1,1,G3110,1053968862,6715104,+39.2058430,-085.8979988,214508.4055704955,133.28967500372545,1060683959.3282856
458,18220,18220,310M700US18220,"Connersville, IN","Connersville, IN Micro Area",M2,2,G3110,556901575,366408,+39.6396544,-085.1850337,64512.42734336641,40.08626352626941,557268019.4160995
,18300,18300,310M700US18300,"Coos Bay-North Bend, OR","Coos Bay-North Bend, OR Micro Area",M2,2,G3110,4133753719,544687804,+43.1859095,-124.0941335,937972.3870835163,582.8304690640364,4678441892.421592
,18380,18380,310M700US18380,"Cordele, GA","Cordele, GA Micro Area",M2,2,G3110,706242198,21403839,+31.9202675,-083.7565301,61404.59614505684,38.15514194953015,727646034.179691
204,18580,18580,310M700US18580,"Corpus Christi, TX","Corpus Christi, TX Metro Area",M1,1,G3110,4623037511,1596411512,+27.8948171,-097.4016678,250379.27872091142,155.57885761921747,6219444582.76394
296,18660,18660,310M700US18660,"Cortland, NY","Cortland, NY Micro Area",M2,2,G3110,1291817953,7110638,+42.5940390,-076.0762398,220679.15193672696,137.12400856048254,1298928595.2638676
184,18740,18740,310M700US18740,"Coshocton, OH","Coshocton, OH Micro Area",M2,2,G3110,1460521586,9127208,+40.2967095,-081.9301091,239009.53237686015,148.5140072184002,1469648843.574789
294,18820,18820,310M700US18820,"Crawfordsville, IN","Crawfordsville, IN Micro Area",M2,2,G3110,1306977643,2055936,+40.0402962,-086.8927145,172327.26755311072,107.07946583885986,1309033653.0898678
,19060,19060,310M700US19060,"Cumberland, MD-WV","Cumberland, MD-WV Micro Area",M2,2,G3110,1942699572,18177272,+39.5321854,-078.8070822,471765.5252416522,293.14223547643894,1960876951.3928657
,19220,19220,310M700US19220,"Danville, KY","Danville, KY Micro Area",M2,2,G3110,1329284911,15522431,+37.5078476,-084.7356841,223831.32838562547,139.08268506693767,1344807399.1768754
212,19430,19430,310M700US19430,"Dayton-Kettering-Beavercreek, OH","Dayton-Kettering-Beavercreek, OH Metro Area",M1,1,G3110,3319240353,22215074,+39.8297456,-084.1409921,471245.02354411414,292.81880991220885,3341455368.528089
290,19460,19460,310M700US19460,"Decatur, AL","Decatur, AL Metro Area",M1,1,G3110,3290220113,118858479,+34.4893614,-087.0971469,426118.71837452915,264.7785541740895,3409078694.6788673
,19580,19580,310M700US19580,"Defiance, OH","Defiance, OH Micro Area",M2,2,G3110,1065623070,7100811,+41.3216789,-084.4864334,197989.01452160778,123.02497577988976,1072723883.6399047
218,19780,19780,310M700US19780,"Des Moines-West Des Moines, IA","Des Moines-West Des Moines, IA Metro Area",M1,1,G3110,9356738798,82884511,+41.5770501,-093.7597124,1466649.9570641485,911.3362975282715,9439623510.569098
221,19940,19940,310M700US19940,"Dixon, IL","Dixon, IL Micro Area",M2,2,G3110,1877142078,9779872,+41.7474465,-089.2993616,247507.02902858471,153.79411996755485,1886921988.0420716
222,20020,20020,310M700US20020,"Dothan, AL","Dothan, AL Metro Area",M1,1,G3110,4445038429,32888511,+31.2455283,-085.4691904,517066.7595930499,321.2911874389811,4477927098.545022
,43660,43660,310M700US43660,"Snyder, TX","Snyder, TX Micro Area",M2,2,G3110,2345090478,5436957,+32.7443531,-100.9133465,62421.39253042988,38.78695150212502,2350527586.058893
,43700,43700,310M700US43700,"Somerset, KY","Somerset, KY Micro Area",M2,2,G3110,1704486069,49335155,+37.1074283,-084.5769692,332298.4378642933,206.4811897201917,1753821298.17077
515,43780,43780,310M700US43780,"South Bend-Mishawaka, IN-MI","South Bend-Mishawaka, IN-MI Metro Area",M1,1,G3110,2455075045,56422979,+41.7749808,-086.1230143,220010.73294285306,136.70867122103041,2511498069.5451264
452,43940,43940,310M700US43940,"Spearfish, SD","Spearfish, SD Micro Area",M2,2,G3110,2072127358,667509,+44.3485137,-103.8063624,283086.56765660335,175.9022752535843,2072795259.2919104
518,44060,44060,310M700US44060,"Spokane-Spokane Valley, WA","Spokane-Spokane Valley, WA Metro Area",M1,1,G3110,10984985432,206340844,+48.0916180,-117.6634720,1062346.7234172428,660.1132908007276,11191327126.15228
521,44140,44140,310M700US44140,"Springfield, MA","Springfield, MA Metro Area",M1,1,G3110,1598038069,44414582,+42.1361975,-072.6356473,352379.64754039777,218.9591059318713,1642452661.6197457
212,44220,44220,310M700US44220,"Springfield, OH","Springfield, OH Metro Area",M1,1,G3110,1025322039,14608568,+39.9170315,-083.7836760,157210.92347715952,97.68658175224597,1039930673.8742526
496,44340,44340,310M700US44340,"Statesboro, GA","Statesboro, GA Micro Area",M2,2,G3110,2224442319,43110696,+32.3517039,-081.7750355,277602.3118268358,172.49450820015397,2267553125.392344
221,44580,44580,310M700US44580,"Sterling, IL","Sterling, IL Micro Area",M2,2,G3110,1771808926,31883751,+41.7506748,-089.9110053,233205.28228562558,144.90740445500987,1803692706.4885583
,44660,44660,310M700US44660,"Stillwater, OK","Stillwater, OK Micro Area",M2,2,G3110,1773885843,31991880,+36.0792253,-096.9752553,247480.94476390968,153.77791191663022,1805877790.389448
174,44900,44900,310M700US44900,"Summerville, GA","Summerville, GA Micro Area",M2,2,G3110,811512397,570806,+34.4741785,-085.3452894,145502.26588403125,90.41114114110832,812083253.0268248
,45000,45000,310M700US45000,"Susanville, CA","Susanville, CA Micro Area",M2,2,G3110,11762090639,462950977,+40.7152866,-120.6212225,605999.1379410162,376.551342749833,12225042442.678745
142,45180,45180,310M700US45180,"Talladega-Sylacauga, AL","Talladega-Sylacauga, AL Micro Area",M2,2,G3110,3594195692,100863396,+33.1860858,-086.1977569,480434.488173432,298.52889269727467,3695059278.5673146
,45300,45300,310M700US45300,"Tampa-St. Petersburg-Clearwater, FL","Tampa-St. Petersburg-Clearwater, FL Metro Area",M1,1,G3110,6516208426,3648580009,+28.1205405,-082.5251880,616570.2658906821,383.11995345339216,10164786435.879091
122,45580,45580,310M700US45580,"Thomaston, GA","Thomaston, GA Micro Area",M2,2,G3110,837774874,10585407,+32.8818367,-084.2922831,152904.96456036333,95.01097627621468,848360311.6478889
,45700,45700,310M700US45700,"Tifton, GA","Tifton, GA Micro Area",M2,2,G3110,1414991705,32214761,+31.5927137,-083.5729942,121201.8017111998,75.31149521617546,1447206515.3773203
,45740,45740,310M700US45740,"Toccoa, GA","Toccoa, GA Micro Area",M2,2,G3110,463250375,13039192,+34.5535825,-083.2905877,65325.488660328716,40.59147766185438,476289594.9342512
,45880,45880,310M700US45880,"Town of Pecos, TX","Town of Pecos, TX Micro Area",M2,2,G3110,6825534345,17396672,+31.3083660,-103.7127060,135766.11180111114,84.36136043416006,6842931692.041926
104,24020,24020,310M700US24020,"Glens Falls, NY","Glens Falls, NY Metro Area",M1,1,G3110,4398866597,204963258,+43.4404503,-073.6367573,816615.002412596,507.4222988384034,4603830624.275127
448,25300,25300,310M700US25300,"Hannibal, MO","Hannibal, MO Micro Area",M2,2,G3110,2348405636,55455252,+39.6640551,-091.5792905,390953.4595249281,242.92782104771405,2403860917.4840193
,10220,10220,310M700US10220,"Ada, OK","Ada, OK Micro Area",M2,2,G3110,1865705450,12725534,+34.7214206,-096.6918036,177396.75403372516,110.22950652672846,1878431075.4906821
556,11680,11680,310M700US11680,"Arkansas City-Winfield, KS","Arkansas City-Winfield, KS Micro Area",M2,2,G3110,2915648175,17322934,+37.2345068,-096.8372468,406353.9422798262,252.49726116285325,2932971279.768024
,13380,13380,310M700US13380,"Bellingham, WA","Bellingham, WA Metro Area",M1,1,G3110,5459507981,1028087021,+48.8426531,-121.8364325,852719.3093613256,529.8565308519801,6487595513.746222
406,14220,14220,310M700US14220,"Bogalusa, LA","Bogalusa, LA Micro Area",M2,2,G3110,1734352074,16140411,+30.8521435,-090.0462534,261322.27573758762,162.37853762262023,1750492573.854355
,23780,23780,310M700US23780,"Garden City, KS","Garden City, KS Micro Area",M2,2,G3110,3372157850,1716371,+38.0498075,-100.7399674,44613.76552588659,27.72177757707296,3373874487.217032
206,24180,24180,310M700US24180,"Granbury, TX","Granbury, TX Micro Area",M2,2,G3110,1089715666,41744992,+32.4301490,-097.8316766,105408.57299833253,65.4980134703248,1131460651.455355
228,24330,24330,310M700US24330,"Grand Rapids, MN","Grand Rapids, MN Micro Area",M2,2,G3110,6908725842,674212531,+47.4908166,-093.6111022,990894.8238878365,615.7150284513133,7582939363.705609
267,24580,24580,310M700US24580,"Green Bay, WI","Green Bay, WI Metro Area",M1,1,G3110,4843350975,2535182268,+44.4740244,-087.9961303,750445.7118985752,466.30650570953014,7378529812.572722
521,24640,24640,310M700US24640,"Greenfield, MA","Greenfield, MA Micro Area",M2,2,G3110,1810943456,65594687,+42.5845038,-072.5917921,365808.2447899092,227.30327015416833,1876538122.0949266
,25060,25060,310M700US25060,"Gulfport-Biloxi, MS","Gulfport-Biloxi, MS Metro Area",M1,1,G3110,5739223475,2105679626,+30.4801526,-088.9992972,954743.7682916105,593.2517481027071,7844901974.5022745
276,25420,25420,310M700US25420,"Harrisburg-Carlisle, PA","Harrisburg-Carlisle, PA Metro Area",M1,1,G3110,4200449319,109302661,+40.3359150,-077.0504897,746645.1472698483,463.94493846536363,4309752543.621844
,36340,36340,310M700US36340,"Oil City, PA","Oil City, PA Micro Area",M2,2,G3110,1746337769,22149577,+41.4007143,-079.7658126,281760.6002223764,175.07835524027018,1768487381.8211596
,36580,36580,310M700US36580,"Oneonta, NY","Oneonta, NY Micro Area",M2,2,G3110,2594488422,36312826,+42.6297762,-075.0288410,526614.2852063895,327.2237595575761,2630801395.9764194
176,36837,36837,310M700US36837,"Ottawa, IL","Ottawa, IL Micro Area",M2,2,G3110,5605475155,76546502,+41.3564873,-089.1733657,626233.7859885667,389.1246013822851,5682021855.309754
,37460,37460,310M700US37460,"Panama City-Panama City Beach, FL","Panama City-Panama City Beach, FL Metro Area",M1,1,G3110,3479123963,1914979453,+30.2732406,-085.6420894,385671.02518210834,239.64546036394322,5394106110.039146
427,37900,37900,310M700US37900,"Peoria, IL","Peoria, IL Metro Area",M1,1,G3110,6391225579,130474704,+40.7880685,-089.5146389,741366.8027244409,460.6651190702033,6521700405.505271
440,41420,41420,310M700US41420,"Salem, OR","Salem, OR Metro Area",M1,1,G3110,4977344406,34800254,+44.9033845,-122.9017571,738773.2404079316,459.0535501559221,5012145051.950343
480,41540,41540,310M700US41540,"Salisbury, MD","Salisbury, MD Metro Area",M1,1,G3110,1797896481,819433505,+38.1972788,-075.7692524,267638.9086781904,166.30352111933487,2617330429.647457
,41660,41660,310M700US41660,"San Angelo, TX","San Angelo, TX Metro Area",M1,1,G3110,6666276942,47428099,+31.3653095,-100.6594181,208833.14889949167,129.76322523487372,6713705608.832493
484,41700,41700,310M700US41700,"San Antonio-New Braunfels, TX","San Antonio-New Braunfels, TX Metro Area",M1,1,G3110,18941354416,149084554,+29.4330599,-098.6069734,1257894.1679746844,781.6211415702613,19090440064.125874
184,41780,41780,310M700US41780,"Sandusky, OH","Sandusky, OH Metro Area",M1,1,G3110,1310463483,1825651257,+41.5196059,-082.7945682,215658.15558157192,134.00409831457114,3136109407.156055
488,41940,41940,310M700US41940,"San Jose-Sunnyvale-Santa Clara, CA","San Jose-Sunnyvale-Santa Clara, CA Metro Area",M1,1,G3110,6940482577,38316367,+36.9084718,-121.3713721,475531.94850449974,295.482588206656,6978799493.144369
488,42100,42100,310M700US42100,"Santa Cruz-Watsonville, CA","Santa Cruz-Watsonville, CA Metro Area",M1,1,G3110,1152818085,419720203,+37.0123466,-122.0077889,161784.82845727447,100.52868160691618,1572538403.7531507
,42220,42220,310M700US42220,"Santa Rosa-Petaluma, CA","Santa Rosa-Petaluma, CA Metro Area",M1,1,G3110,4080103624,497291855,+38.5251824,-122.9261095,514528.868914731,319.71421136287614,4577395688.832606
,42300,42300,310M700US42300,"Sault Ste. Marie, MI","Sault Ste. Marie, MI Micro Area",M2,2,G3110,4036535199,2952484224,+46.3218192,-084.5206297,406762.5854910247,252.751180913309,6989024801.315078
174,42460,42460,310M700US42460,"Scottsboro, AL","Scottsboro, AL Micro Area",M2,2,G3110,2792044613,126334711,+34.7641140,-085.9800556,314812.49882079323,195.61590392384036,2918379517.1498013
370,42680,42680,310M700US42680,"Sebastian-Vero Beach-West Vero Corridor, FL","Sebastian-Vero Beach-West Vero Corridor, FL Metro Area",M1,1,G3110,1301610499,295444062,+27.7005283,-080.5747894,23056.780343232575,14.326854700207896,1597054659.4532177
388,42820,42820,310M700US42820,"Selma, AL","Selma, AL Micro Area",M2,2,G3110,2534926511,39117865,+32.3335263,-087.1143600,533888.9902303473,331.74406292663286,2574044547.956552
315,42940,42940,310M700US42940,"Sevierville, TN","Sevierville, TN Micro Area",M2,2,G3110,1534615544,13412243,+35.7878224,-083.5249005,300016.3240436097,186.421964310593,1548027843.0600193
267,43020,43020,310M700US43020,"Shawano, WI","Shawano, WI Micro Area",M2,2,G3110,3239659347,60905508,+44.8516431,-088.7455433,631664.1123912464,392.4988581600199,3300564857.851298
172,43140,43140,310M700US43140,"Shelby-Kings Mountain, NC","Shelby-Kings Mountain, NC Micro Area",M2,2,G3110,1202438173,10140130,+35.3346302,-081.5571145,251412.49159883038,156.2208679327118,1212578316.1733346
508,43340,43340,310M700US43340,"Shreveport-Bossier City, LA","Shreveport-Bossier City, LA Metro Area",M1,1,G3110,6722586717,266604966,+32.4376822,-093.7448836,1170887.190809738,727.5573780616513,6989192215.165459
164,43460,43460,310M700US43460,"Sikeston, MO","Sikeston, MO Micro Area",M2,2,G3110,2153840939,59687663,+36.9428296,-089.4276009,47344.620584393146,29.418656458171142,2213528735.1236467
,14580,14580,310M700US14580,"Bozeman, MT","Bozeman, MT Metro Area",M1,1,G3110,6747835851,73611148,+45.5180536,-111.1639214,1083041.0904343943,672.9722062674105,6821447983.077018
,14720,14720,310M700US14720,"Breckenridge, CO","Breckenridge, CO Micro Area",M2,2,G3110,2551779101,46422501,+39.4753012,-106.2015874,298561.6646710513,185.5180786353731,2598202141.5335703
122,15660,15660,310M700US15660,"Calhoun, GA","Calhoun, GA Micro Area",M2,2,G3110,923219312,5732776,+34.5096669,-084.8738622,178155.13438137103,110.70074339876659,928952112.551491
250,40770,40770,310M700US40770,"Russellville, AL","Russellville, AL Micro Area",M2,2,G3110,1641945980,32539347,+34.4419892,-087.8428144,269049.45487432316,167.17999606939688,1674485399.2846532
384,40820,40820,310M700US40820,"Ruston, LA","Ruston, LA Micro Area",M2,2,G3110,1221532395,1897706,+32.6018231,-092.6623026,181873.7859864436,113.01141212325774,1223430139.2651203
241,25775,25775,310M700US25775,"Henderson, KY","Henderson, KY Micro Area",M2,2,G3110,1990116366,85002790,+37.6771389,-087.6262416,273368.7570337742,169.8638926726324,2075119256.4176407
,29260,29260,310M700US29260,"La Grande, OR","La Grande, OR Micro Area",M2,2,G3110,5275651503,4936782,+45.3040809,-117.9991488,663303.3037525399,412.1585890815738,5280588573.217537
,16100,16100,310M700US16100,"Carlsbad-Artesia, NM","Carlsbad-Artesia, NM Micro Area",M2,2,G3110,10816692046,56489009,+32.4578347,-104.3064338,260365.5321375338,161.7840432335826,10873181912.74766
408,35620,35620,310M700US35620,"New York-Newark-Jersey City, NY-NJ","New York-Newark-Jersey City, NY-NJ Metro Area",M1,1,G3110,15901818642,6489596039,+40.7354255,-073.8077300,2196423.5693290406,1364.7977241161225,22391420864.85177
290,22190,22190,310M700US22190,"Fayetteville, TN","Fayetteville, TN Micro Area",M2,2,G3110,1477179213,971039,+35.1427838,-086.5934033,269474.9800582208,167.44440581742876,1478150372.1231256
220,10300,10300,310M700US10300,"Adrian, MI","Adrian, MI Micro Area",M2,2,G3110,1941592912,30430814,+41.8960225,-084.0743563,347481.28812468605,215.91539893663617,1972023798.1138654
,11620,11620,310M700US11620,"Ardmore, OK","Ardmore, OK Micro Area",M2,2,G3110,2129750449,29733323,+34.2518484,-097.2879273,154013.83080963857,95.69999553210545,2159483934.5863786
,40180,40180,310M700US40180,"Riverton, WY","Riverton, WY Micro Area",M2,2,G3110,23785405223,212752232,+43.0548310,-108.6089349,2581861.105080217,1604.2981005133888,23998159688.70059
440,38900,38900,310M700US38900,"Portland-Vancouver-Hillsboro, OR-WA","Portland-Vancouver-Hillsboro, OR-WA Metro Area",M1,1,G3110,17320278360,354376394,+45.6006221,-122.4843780,2510075.105745102,1559.692237653387,17674655893.810555
,38260,38260,310M700US38260,"Pittsburg, KS","Pittsburg, KS Micro Area",M2,2,G3110,1527499261,13573629,+37.5058215,-094.8538967,141146.1328120008,87.70435881293004,1541072868.809465
430,38300,38300,310M700US38300,"Pittsburgh, PA","Pittsburgh, PA Metro Area",M1,1,G3110,14608371719,168045111,+40.4713315,-079.8639858,2411146.8665465647,1498.2209269306454,14776417171.387054
,38460,38460,310M700US38460,"Plattsburgh, NY","Plattsburgh, NY Micro Area",M2,2,G3110,2687763047,206581998,+44.7527120,-073.7056429,411558.07240541605,255.7309657408727,2894345520.4901285
515,38500,38500,310M700US38500,"Plymouth, IN","Plymouth, IN Micro Area",M2,2,G3110,1148964732,15863826,+41.3250032,-086.2690363,96718.69773210771,60.09836189500523,1164828536.5895581
,38540,38540,310M700US38540,"Pocatello, ID","Pocatello, ID Metro Area",M1,1,G3110,2881336692,92075809,+42.6929211,-112.2289819,347723.3090797293,216.065784159798,2973412739.212744
438,38860,38860,310M700US38860,"Portland-South Portland, ME","Portland-South Portland, ME Metro Area",M1,1,G3110,5390810260,2009313668,+43.6514172,-070.4183755,1030210.2094437872,640.1445371666567,7400124431.670083
,38210,38210,310M700US38210,"Pikeville, KY","Pikeville, KY Micro Area",M2,2,G3110,3054951586,12298844,+37.4993655,-082.5097938,625299.6909755588,388.5441802077615,3067250700.158504
340,38220,38220,310M700US38220,"Pine Bluff, AR","Pine Bluff, AR Micro Area",M2,2,G3110,3807945655,115633391,+34.1211155,-092.0419692,512693.5321093655,318.57378310945205,3923579259.3110514
170,39020,39020,310M700US39020,"Portsmouth, OH","Portsmouth, OH Micro Area",M2,2,G3110,1580293393,16072294,+38.8148886,-082.9986750,258122.74053087863,160.39043367522007,1596365785.8510602
,39060,39060,310M700US39060,"Pottsville, PA","Pottsville, PA Micro Area",M2,2,G3110,2017009022,10321176,+40.7036820,-076.2177878,359925.41705702204,223.64784138654483,2027330319.2439399
444,39380,39380,310M700US39380,"Pueblo, CO","Pueblo, CO Metro Area",M1,1,G3110,6181140047,29044037,+38.1627652,-104.4846683,390615.3766498447,242.71774556640904,6210184596.140226
405,39480,39480,310M700US39480,"Putnam, CT","Putnam, CT Micro Area",M2,2,G3110,1434595321,23973785,+41.8423749,-071.9726550,386963.66045703186,240.4486686822125,1458569141.807894
452,39660,39660,310M700US39660,"Rapid City, SD","Rapid City, SD Metro Area",M1,1,G3110,20213929592,56159652,+44.1951082,-102.9166120,1646369.3290747907,1023.009015543509,20270091395.521355
428,39740,39740,310M700US39740,"Reading, PA","Reading, PA Metro Area",M1,1,G3110,2218077225,24220127,+40.4139565,-075.9268598,430605.1093559835,267.5662752159168,2242297412.8794084
458,39980,39980,310M700US39980,"Richmond, IN","Richmond, IN Micro Area",M2,2,G3110,1040539367,6701882,+39.8630908,-085.0067351,228321.608361141,141.87282262364758,1047241291.4845158
,40060,40060,310M700US40060,"Richmond, VA","Richmond, VA Metro Area",M1,1,G3110,11303507131,330861677,+37.4122374,-077.4437202,1803945.7262748205,1120.9226927031084,11634369138.994349
,40220,40220,310M700US40220,"Roanoke, VA","Roanoke, VA Metro Area",M1,1,G3110,4836990505,72205220,+37.2862262,-079.9469346,969421.1714625094,602.371886277921,4909196152.610266
,32390,32390,310M700US32390,"Massena-Ogdensburg, NY","Massena-Ogdensburg, NY Micro Area",M2,2,G3110,6939961469,366939180,+44.4881125,-075.0743110,1382944.6335032652,859.324091555088,7306900636.233379
365,32580,32580,310M700US32580,"McAllen-Edinburg-Mission, TX","McAllen-Edinburg-Mission, TX Metro Area",M1,1,G3110,4069432987,30081130,+26.3963839,-098.1809900,110399.71397904755,68.5993724005167,4099514638.2589965
,32660,32660,310M700US32660,"McMinnville, TN","McMinnville, TN Micro Area",M2,2,G3110,1120619164,3524883,+35.6782498,-085.7773428,238211.72101537514,148.01826898938393,1124144107.889985
,32700,32700,310M700US32700,"McPherson, KS","McPherson, KS Micro Area",M2,2,G3110,2326547449,6003328,+38.3958120,-097.6474893,187139.7877822558,116.28356207032436,2332550828.557144
488,32900,32900,310M700US32900,"Merced, CA","Merced, CA Metro Area",M1,1,G3110,5019448521,105236254,+37.1948063,-120.7228019,238277.17716688593,148.05894165737877,5124685071.383872
474,33220,33220,310M700US33220,"Midland, MI","Midland, MI Metro Area",M1,1,G3110,1342738433,24953314,+43.6482031,-084.3794144,205601.09069958897,127.75491238618874,1367691811.647134
372,33260,33260,310M700US33260,"Midland, TX","Midland, TX Metro Area",M1,1,G3110,4701639901,6184783,+32.0923594,-101.9945395,1683.550008708954,1.0461120761982887,4707825094.563504
206,33420,33420,310M700US33420,"Mineral Wells, TX","Mineral Wells, TX Micro Area",M2,2,G3110,2467090697,85364147,+32.7522042,-098.3179673,252174.91686524038,156.69461820699192,2552455073.89553
,33580,33580,310M700US33580,"Mitchell, SD","Mitchell, SD Micro Area",M2,2,G3110,3728177143,8539832,+43.8260908,-098.0216515,312757.72373778553,194.33912270731204,3736717072.835586
,33940,33940,310M700US33940,"Montrose, CO","Montrose, CO Micro Area",M2,2,G3110,5804023563,4923260,+38.4075069,-108.2662815,759873.3719421583,472.1645966310154,5808947937.136473
446,34140,34140,310M700US34140,"Moscow, ID","Moscow, ID Micro Area",M2,2,G3110,2786483030,2369979,+46.8189202,-116.7309737,243740.46276034936,151.4536783776886,2788853246.776974
,34260,34260,310M700US34260,"Mountain Home, AR","Mountain Home, AR Micro Area",M2,2,G3110,1434670072,84921211,+36.2802697,-092.3299497,88852.33865697282,55.21042082901862,1519591346.8457
,34420,34420,310M700US34420,"Mount Pleasant, TX","Mount Pleasant, TX Micro Area",M2,2,G3110,2212211228,86603419,+33.1321038,-094.9035032,288733.46694914653,179.4111045205777,2298814744.021808
,42580,42580,310M700US42580,"Seaford, DE","Seaford, DE Micro Area",M2,2,G3110,2424606008,674113494,+38.6732275,-075.3370237,452045.6263924041,280.88882796202427,3098719474.930716
500,43220,43220,310M700US43220,"Shelton, WA","Shelton, WA Micro Area",M2,2,G3110,2485261407,236927323,+47.3508322,-123.1731033,407985.7350216026,253.51121268445613,2722189014.377078
273,43900,43900,310M700US43900,"Spartanburg, SC","Spartanburg, SC Metro Area",M1,1,G3110,3424003533,33917679,+34.8346199,-081.8424008,569406.8381499286,353.81388528833475,3457921322.8445187
,44540,44540,310M700US44540,"Sterling, CO","Sterling, CO Micro Area",M2,2,G3110,4761949509,16363553,+40.7280911,-103.0904639,139237.36216252806,86.51830077083032,4778313483.429311
522,45380,45380,310M700US45380,"Taylorville, IL","Taylorville, IL Micro Area",M2,2,G3110,1837552893,16227346,+39.5455242,-089.2795927,176257.97278393313,109.52189890509969,1853780285.0154762
,46540,46540,310M700US46540,"Utica-Rome, NY","Utica-Rome, NY Metro Area",M1,1,G3110,6793614146,237713055,+43.3322796,-075.1731893,1505797.297578278,935.6613876360981,7031327209.631927
554,48140,48140,310M700US48140,"Wausau, WI","Wausau, WI Metro Area",M1,1,G3110,4002176367,80510469,+44.8980363,-089.7578230,605980.2348591586,376.53959689012805,4082686893.077086
,48300,48300,310M700US48300,"Wenatchee-East Wenatchee, WA","Wenatchee-East Wenatchee, WA Metro Area",M1,1,G3110,12277634912,266210540,+47.7661102,-120.2701973,993585.8865560148,617.3871814259354,12543846716.926056
554,49220,49220,310M700US49220,"Wisconsin Rapids-Marshfield, WI","Wisconsin Rapids-Marshfield, WI Micro Area",M2,2,G3110,2053933339,42019652,+44.4614126,-090.0388252,295444.05646019924,183.58088188959402,2095953081.391428
566,49660,49660,310M700US49660,"Youngstown-Warren, OH","Youngstown-Warren, OH Metro Area",M1,1,G3110,2665389621,83316732,+41.1950924,-080.7650804,422568.96732353297,262.5728356491065,2748706415.9447017
,49740,49740,310M700US49740,"Yuma, AZ","Yuma, AZ Metro Area",M1,1,G3110,14280726743,13242852,+32.7739424,-113.9109050,55608.345816640176,34.55351002065454,14293971204.25724
250,22520,22520,310M700US22520,"Florence-Muscle Shoals, AL","Florence-Muscle Shoals, AL Metro Area",M1,1,G3110,3265980195,212677495,+34.7992544,-087.7193881,363767.516945584,226.0352175087825,3478657930.9980903
,22540,22540,310M700US22540,"Fond du Lac, WI","Fond du Lac, WI Metro Area",M1,1,G3110,1863667253,119853822,+43.7547219,-088.4932840,222174.7481513321,138.05333127327484,1983520821.5351856
,22700,22700,310M700US22700,"Fort Dodge, IA","Fort Dodge, IA Micro Area",M2,2,G3110,1853665899,7269394,+42.4335786,-094.1758309,291730.6707918525,181.27348527461726,1860935320.506722
290,22840,22840,310M700US22840,"Fort Payne, AL","Fort Payne, AL Micro Area",M2,2,G3110,2012620260,4107136,+34.4609148,-085.8040207,355824.8340774382,221.09985091866122,2016727534.8547938
258,23060,23060,310M700US23060,"Fort Wayne, IN","Fort Wayne, IN Metro Area",M1,1,G3110,3524597859,19019004,+41.0069993,-085.2164239,478370.6310053501,297.2464681206893,3543616955.0295677
320,23140,23140,310M700US23140,"Frankfort, IN","Frankfort, IN Micro Area",M2,2,G3110,1049119186,461117,+40.3059440,-086.4775665,166909.48607781253,103.7130041369832,1049580320.1829876
150,23190,23190,310M700US23190,"Franklin, KY","Franklin, KY Micro Area",M2,2,G3110,606536671,5905515,+36.7409289,-086.5817871,64676.80997276007,40.18840641055344,612442229.7295319
,23460,23460,310M700US23460,"Gadsden, AL","Gadsden, AL Metro Area",M1,1,G3110,1386014339,34925394,+34.0476407,-086.0342629,211703.9662950786,131.54707289639146,1420939806.6703982
273,23500,23500,310M700US23500,"Gaffney, SC","Gaffney, SC Micro Area",M2,2,G3110,1017779531,11794021,+35.0497962,-081.6076469,189913.36275520863,118.00698594157147,1029573584.7879893
122,23580,23580,310M700US23580,"Gainesville, GA","Gainesville, GA Metro Area",M1,1,G3110,1016590900,93546822,+34.3175689,-083.8184997,169627.98459527185,105.40220500035534,1110137724.6900978
,23700,23700,310M700US23700,"Gallup, NM","Gallup, NM Micro Area",M2,2,G3110,14118189535,12688957,+35.5840616,-108.2532938,54888.21988887673,34.10604340218769,14130879681.280159
276,23900,23900,310M700US23900,"Gettysburg, PA","Gettysburg, PA Metro Area",M1,1,G3110,1343104813,8147590,+39.8694372,-077.2177502,271517.5867168041,168.71362590677177,1351252413.9234667
,23940,23940,310M700US23940,"Gillette, WY","Gillette, WY Micro Area",M2,2,G3110,12437291865,11010427,+44.1896860,-105.5261402,292427.9818243323,181.70677533916535,12448303445.771826
150,23980,23980,310M700US23980,"Glasgow, KY","Glasgow, KY Micro Area",M2,2,G3110,2012463211,36708427,+36.9675705,-085.8154965,327176.7164875564,203.29869169197087,2049171692.1292317
,24140,24140,310M700US24140,"Goldsboro, NC","Goldsboro, NC Metro Area",M1,1,G3110,1434651142,9842326,+35.3541896,-078.0086695,215937.48520914424,134.17766612968313,1444493488.4683914
266,24340,24340,310M700US24340,"Grand Rapids-Wyoming-Kentwood, MI","Grand Rapids-Wyoming-Kentwood, MI Metro Area",M1,1,G3110,8398859590,2948365796,+42.9798406,-085.7156140,1275100.2110628088,792.3125076508437,11347218853.33146
294,24600,24600,310M700US24600,"Greencastle, IN","Greencastle, IN Micro Area",M2,2,G3110,1244583012,5588762,+39.6655479,-086.8533729,191966.0557762691,119.28247342156978,1250171803.594394
212,24820,24820,310M700US24820,"Greenville, OH","Greenville, OH Micro Area",M2,2,G3110,1549077543,4244897,+40.1313191,-084.6212871,200070.9062304338,124.31860652841152,1553322463.7394054
,43320,43320,310M700US43320,"Show Low, AZ","Show Low, AZ Micro Area",M2,2,G3110,25769074624,24120915,+35.3907852,-110.3210248,471045.0830681729,292.69457235150617,25793197912.773983
212,43380,43380,310M700US43380,"Sidney, OH","Sidney, OH Micro Area",M2,2,G3110,1055914218,7811001,+40.3366802,-084.2041425,150949.75306534258,93.79606115882447,1063725270.6297767
512,43580,43580,310M700US43580,"Sioux City, IA-NE-SD","Sioux City, IA-NE-SD Metro Area",M1,1,G3110,4139018544,37039373,+42.5080093,-096.3113345,435823.29781014257,270.80871525603203,4176058034.5649934
406,43640,43640,310M700US43640,"Slidell-Mandeville-Covington, LA","Slidell-Mandeville-Covington, LA Metro Area",M1,1,G3110,2189336604,648310301,+30.4100224,-089.9519622,358185.9639734875,222.56699266375503,2837646331.7188144
306,43740,43740,310M700US43740,"Somerset, PA","Somerset, PA Micro Area",M2,2,G3110,2784359433,17101197,+39.9812968,-079.0284859,421545.50497382175,261.9368840480084,2801460733.8552814
,43760,43760,310M700US43760,"Sonora, CA","Sonora, CA Micro Area",M2,2,G3110,5752135141,138666931,+38.0214344,-119.9647335,944110.1208756563,586.6442895072864,5890802500.360465
317,43890,43890,310M700US43890,"Sparta, WI","Sparta, WI Micro Area",M2,2,G3110,2333329779,18586766,+43.9451751,-090.6199687,274242.09663789347,170.40656209246865,2351916647.6728134
517,44020,44020,310M700US44020,"Spirit Lake, IA","Spirit Lake, IA Micro Area",M2,2,G3110,985574301,60680641,+43.3896107,-095.1960572,116307.25530760242,72.27015752271268,1046255014.6140386
522,44100,44100,310M700US44100,"Springfield, IL","Springfield, IL Metro Area",M1,1,G3110,3062974265,25388102,+39.8286215,-089.6960672,381204.7033784557,236.87020976204886,3088362388.9642715
,44180,44180,310M700US44180,"Springfield, MO","Springfield, MO Metro Area",M1,1,G3110,7788024122,35511881,+37.3608699,-093.1802617,864523.9693813561,537.191624753847,7823536114.375198
523,44260,44260,310M700US44260,"Starkville, MS","Starkville, MS Micro Area",M2,2,G3110,2276040348,14929495,+33.5146172,-089.0775079,284813.4123447191,176.975289463208,2290969937.2266097
277,44420,44420,310M700US44420,"Staunton-Stuarts Draft, VA","Staunton-Stuarts Draft, VA Metro Area",M1,1,G3110,2595074272,10049475,+38.1609584,-079.1276321,351972.04706542904,218.70583410928023,2605123970.9107695
554,44620,44620,310M700US44620,"Stevens Point-Plover, WI","Stevens Point-Plover, WI Micro Area",M2,2,G3110,2074252976,56835086,+44.4762457,-089.4980699,196809.19335907642,122.29186707537029,2131088173.7778666
488,44700,44700,310M700US44700,"Stockton-Lodi, CA","Stockton-Lodi, CA Metro Area",M1,1,G3110,3606041616,88864241,+37.9349815,-121.2722440,350020.26073394355,217.4930472951294,3694906197.1806602
206,44860,44860,310M700US44860,"Sulphur Springs, TX","Sulphur Springs, TX Micro Area",M2,2,G3110,1987637216,65631763,+33.1489673,-095.5654337,94136.66089411158,58.493954598848966,2053269023.63891
192,44940,44940,310M700US44940,"Sumter, SC","Sumter, SC Metro Area",M1,1,G3110,1722544867,44046815,+33.9161395,-080.3823757,204589.92493074675,127.12660154519665,1766591772.2203352
,47940,47940,310M700US47940,"Waterloo-Cedar Falls, IA","Waterloo-Cedar Falls, IA Metro Area",M1,1,G3110,3893031752,28144440,+42.5367962,-092.4716080,537900.6544695946,334.2368017134941,3921176282.6082187
376,48020,48020,310M700US48020,"Watertown-Fort Atkinson, WI","Watertown-Fort Atkinson, WI Micro Area",M2,2,G3110,1441311671,67982467,+43.0138045,-088.7739847,260837.80303588434,162.07749949413073,1509294203.9289062
,48180,48180,310M700US48180,"Waycross, GA","Waycross, GA Micro Area",M2,2,G3110,3211130580,29506497,+31.1331137,-082.3686504,307149.8134068984,190.85452011812197,3240637025.487039
430,48260,48260,310M700US48260,"Weirton-Steubenville, WV-OH","Weirton-Steubenville, WV-OH Metro Area",M1,1,G3110,1501598355,29952734,+40.3889142,-080.7019657,364226.7387320801,226.3205654069868,1531551141.8838341
,48540,48540,310M700US48540,"Wheeling, WV-OH","Wheeling, WV-OH Metro Area",M1,1,G3110,2443925360,49342089,+39.9776866,-080.8548262,473925.2873492753,294.48425276776527,2493267619.141555
,48660,48660,310M700US48660,"Wichita Falls, TX","Wichita Falls, TX Metro Area",M1,1,G3110,6784840903,143917831,+33.7756819,-098.5003189,442329.96303065226,274.85177963056424,6928759220.838477
558,48700,48700,310M700US48700,"Williamsport, PA","Williamsport, PA Metro Area",M1,1,G3110,3182887151,38917209,+41.3438824,-077.0552624,514121.90293791826,319.4613338001406,3221804857.1711607
178,48940,48940,310M700US48940,"Wilmington, OH","Wilmington, OH Micro Area",M2,2,G3110,1058609499,9329331,+39.4166813,-083.8045826,156119.5348510409,97.00842261488617,1067938841.9416363
468,48980,48980,310M700US48980,"Wilson, NC","Wilson, NC Micro Area",M2,2,G3110,952012864,14332562,+35.7003569,-077.9215978,138310.34589741114,85.94227813725574,966345436.2024664
400,49010,49010,310M700US49010,"Winchester, TN","Winchester, TN Micro Area",M2,2,G3110,1436148699,55038670,+35.1559259,-086.0992032,158690.37098507583,98.60587009896966,1491187444.7313924
,49080,49080,310M700US49080,"Winnemucca, NV","Winnemucca, NV Micro Area",M2,2,G3110,24969535376,44194899,+41.4079136,-118.1275915,1008109.3108853401,626.4116413469746,25013733641.494457
268,49180,49180,310M700US49180,"Winston-Salem, NC","Winston-Salem, NC Metro Area",M1,1,G3110,5203284369,81513293,+36.0788515,-080.3450642,994159.5834341903,617.7436610251348,5284797829.351952
148,49340,49340,310M700US49340,"Worcester, MA","Worcester, MA Metro Area",M1,1,G3110,3912616783,177370102,+42.3116934,-071.9402820,834375.861457293,518.4584124282583,4089986871.820186
,49420,49420,310M700US49420,"Yakima, WA","Yakima, WA Metro Area",M1,1,G3110,11122734403,41188783,+46.4565581,-120.7401446,1270184.93560629,789.2582894890389,11163924301.25562
276,49620,49620,310M700US49620,"York-Hanover, PA","York-Hanover, PA Metro Area",M1,1,G3110,2342261949,16503410,+39.9217514,-076.7288887,343701.17790008296,213.56654150153665,2358765444.290095
274,47820,47820,310M700US47820,"Washington, NC","Washington, NC Micro Area",M2,2,G3110,2156710993,337053671,+35.4823128,-076.8420144,137195.64105549688,85.24963093907868,2493764854.201602
,48460,48460,310M700US48460,"West Plains, MO","West Plains, MO Micro Area",M2,2,G3110,2401376469,2920041,+36.7743685,-091.8873677,221214.24551203966,137.45650111973833,2404296595.324678
556,48620,48620,310M700US48620,"Wichita, KS","Wichita, KS Metro Area",M1,1,G3110,10743636810,85946316,+37.6378960,-097.2462875,1525158.0750891857,947.6916469417189,10829583430.00893
422,48680,48680,310M700US48680,"Wildwood-The Villages, FL","Wildwood-The Villages, FL Metro Area",M1,1,G3110,1442975452,58773802,+28.7132767,-082.0695548,69513.49526921996,43.193790789528606,1501749434.1060123
,48820,48820,310M700US48820,"Willmar, MN","Willmar, MN Micro Area",M2,2,G3110,2065133185,168416374,+45.1527137,-095.0049812,133634.92854216023,83.03710126024347,2233549621.272971
,48900,48900,310M700US48900,"Wilmington, NC","Wilmington, NC Metro Area",M1,1,G3110,4954803303,1034720440,+34.2536905,-078.0416743,558506.1663662584,347.04050503079424,5989523910.315865
548,49020,49020,310M700US49020,"Winchester, VA-WV","Winchester, VA-WV Metro Area",M1,1,G3110,2752457928,16816718,+39.2729744,-078.4718276,529332.8037975904,328.912972894224,2769274815.790736
462,49100,49100,310M700US49100,"Winona, MN","Winona, MN Micro Area",M2,2,G3110,1621827302,40014767,+43.9813526,-091.7770438,203599.01539885276,126.5108773775913,1661842198.3315873
184,49300,49300,310M700US49300,"Wooster, OH","Wooster, OH Micro Area",M2,2,G3110,1437488513,5040384,+40.8296612,-081.8871942,175580.8900984931,109.10117818390962,1442528896.1510909
,49380,49380,310M700US49380,"Worthington, MN","Worthington, MN Micro Area",M2,2,G3110,1852143781,19253010,+43.6776863,-095.7631323,158557.83894645202,98.5235183034362,1871396789.6523106
,49460,49460,310M700US49460,"Yankton, SD","Yankton, SD Micro Area",M2,2,G3110,1349873612,28676585,+43.0066030,-097.3883614,183735.97583195724,114.16852612372602,1378550224.5267274
,49820,49820,310M700US49820,"Zapata, TX","Zapata, TX Micro Area",M2,2,G3110,2585883702,154363496,+26.9969806,-099.1826027,9904.9026720447,6.154636479578399,2740247561.1358023
,10820,10820,310M700US10820,"Alexandria, MN","Alexandria, MN Micro Area",M2,2,G3110,1649517469,215735302,+45.9368351,-095.4621550,69641.6281615821,43.27340907551053,1865252856.8502297
394,10940,10940,310M700US10940,"Alma, MI","Alma, MI Micro Area",M2,2,G3110,1472101758,8366304,+43.2923259,-084.6046900,168042.4052214119,104.41696920564449,1480468074.020262
521,11200,11200,310M700US11200,"Amherst Town-Northampton, MA","Amherst Town-Northampton, MA Metro Area",M1,1,G3110,1365533877,46625893,+42.3394600,-072.6636919,374136.27862772933,232.4780833308868,1412159839.912027
,11500,11500,310M700US11500,"Anniston-Oxford, AL","Anniston-Oxford, AL Metro Area",M1,1,G3110,1569256904,16525540,+33.7705162,-085.8279089,233531.83791301824,145.11031721887124,1585782476.9924467
548,12580,12580,310M700US12580,"Baltimore-Columbia-Towson, MD","Baltimore-Columbia-Towson, MD Metro Area",M1,1,G3110,6737781049,1304177828,+39.3043610,-076.5495009,891818.9906209094,554.1520067983828,8041959337.445451
,13860,13860,310M700US13860,"Bishop, CA","Bishop, CA Micro Area",M2,2,G3110,26410783051,77280938,+36.5621604,-117.4042092,523291.1177311292,325.158833889128,26488065992.648354
,13980,13980,310M700US13980,"Blacksburg-Christiansburg-Radford, VA","Blacksburg-Christiansburg-Radford, VA Metro Area",M1,1,G3110,3767168035,45434260,+37.1213643,-080.5315166,826547.1868984818,513.593887493309,3812602672.578995
145,38700,38700,310M700US38700,"Pontiac, IL","Pontiac, IL Micro Area",M2,2,G3110,2702983876,5975815,+40.8943761,-088.5528518,356584.5998226585,221.57194863898152,2708959793.771257
209,17540,17540,310M700US17540,"Clinton, IA","Clinton, IA Micro Area",M2,2,G3110,1799934699,39410955,+41.8980732,-090.5342431,186623.92749933954,115.96302055459974,1839345687.4941568
523,18060,18060,310M700US18060,"Columbus, MS","Columbus, MS Micro Area",M2,2,G3110,3111686807,41019788,+33.2511332,-088.5063486,423914.89082372613,263.40915581774277,3152706704.045639
,32260,32260,310M700US32260,"Marshalltown, IA","Marshalltown, IA Micro Area",M2,2,G3110,1482776070,1803080,+42.0416996,-092.9814034,192798.69492422085,119.79985268757433,1484579122.960477
332,37220,37220,310M700US37220,"Pahrump, NV","Pahrump, NV Micro Area",M2,2,G3110,47090939237,43207981,+37.9658636,-116.4590107,452589.6816208234,281.2268890481958,47134149405.27032
424,37140,37140,310M700US37140,"Paducah, KY-IL","Paducah, KY-IL Metro Area",M1,1,G3110,3199845086,232253106,+37.0942343,-088.7170503,349022.94288057095,216.87334117126957,3432098316.5025873
246,38240,38240,310M700US38240,"Pinehurst-Southern Pines, NC","Pinehurst-Southern Pines, NC Metro Area",M1,1,G3110,1806846435,20853327,+35.3082734,-079.4927233,357334.88966604095,222.03815829224462,1827699832.3832173
548,29470,29470,310M700US29470,"Lake of the Woods, VA","Lake of the Woods, VA Micro Area",M2,2,G3110,882014693,7002015,+38.2493265,-078.0110923,109035.91202057716,67.75194304533359,889016731.8205441
,29700,29700,310M700US29700,"Laredo, TX","Laredo, TX Metro Area",M1,1,G3110,8706239653,36502177,+27.7607987,-099.3407518,149843.2850814828,93.10853211967815,8742742387.72884
164,16020,16020,310M700US16020,"Cape Girardeau, MO-IL","Cape Girardeau, MO-IL Metro Area",M1,1,G3110,3708383565,73454288,+37.3259361,-089.7626388,467249.80169152794,290.33628797614426,3781838046.0238686
472,49700,49700,310M700US49700,"Yuba City, CA","Yuba City, CA Metro Area",M1,1,G3110,3197863365,45895634,+39.1609692,-121.5118327,283455.22213373263,176.13134709491632,3243759187.9993353
